uuid,label
0,up
1,up
2,up
3,up
4,up
5,up
6,up
7,up
8,up
9,up
10,up
11,up
12,up
13,up
14,up
15,up
16,up
17,up
18,up
19,up
20,up
21,up
22,up
23,up
24,up
25,up
26,up
27,up
28,up
29,up
30,up
31,up
32,up
33,up
34,up
35,up
36,up
37,up
38,up
39,up
40,up
41,up
42,up
43,up
44,up
45,up
46,up
47,up
48,up
49,up
50,up
51,up
52,up
53,up
54,up
55,up
56,up
57,up
58,up
59,up
60,up
61,up
62,up
63,up
64,up
65,up
66,up
67,up
68,up
69,up
70,up
71,up
72,up
73,up
74,up
75,up
76,up
77,up
78,up
79,up
80,up
81,up
82,up
83,up
84,up
85,up
86,up
87,up
88,up
89,up
90,up
91,up
92,up
93,up
94,up
95,up
96,up
97,up
98,up
99,up
100,up
101,up
102,up
103,up
104,up
105,up
106,up
107,up
108,up
109,up
110,up
111,up
112,up
113,up
114,up
115,up
116,up
117,up
118,up
119,up
120,up
121,up
122,up
123,up
124,up
125,up
126,up
127,up
128,up
129,up
130,up
131,up
132,up
133,up
134,up
135,up
136,up
137,up
138,up
139,up
140,up
141,up
142,up
143,up
144,up
145,up
146,up
147,up
148,up
149,up
150,up
151,up
152,up
153,up
154,up
155,up
156,up
157,up
158,up
159,up
160,up
161,up
162,up
163,up
164,up
165,up
166,up
167,up
168,up
169,up
170,up
171,up
172,up
173,up
174,up
175,up
176,up
177,up
178,up
179,up
180,up
181,up
182,up
183,up
184,up
185,up
186,up
187,up
188,up
189,up
190,up
191,up
192,up
193,up
194,up
195,up
196,up
197,up
198,up
199,up
200,up
201,up
202,up
203,up
204,up
205,up
206,up
207,up
208,up
209,up
210,up
211,up
212,up
213,up
214,up
215,up
216,up
217,up
218,up
219,up
220,up
221,up
222,up
223,up
224,up
225,up
226,up
227,up
228,up
229,up
230,up
231,up
232,up
233,up
234,up
235,up
236,up
237,up
238,up
239,up
240,up
241,up
242,up
243,up
244,up
245,up
246,up
247,up
248,up
249,up
250,up
251,up
252,up
253,up
254,up
255,up
256,up
257,up
258,up
259,up
260,up
261,up
262,up
263,up
264,up
265,up
266,up
267,up
268,up
269,up
270,up
271,up
272,up
273,up
274,up
275,up
276,up
277,up
278,up
279,up
280,up
281,up
282,up
283,up
284,up
285,up
286,up
287,up
288,up
289,up
290,up
291,up
292,up
293,up
294,up
295,up
296,up
297,up
298,up
299,up
300,up
301,up
302,up
303,up
304,up
305,up
306,up
307,up
308,up
309,up
310,up
311,up
312,up
313,up
314,up
315,up
316,up
317,up
318,up
319,up
320,up
321,up
322,up
323,up
324,up
325,up
326,up
327,up
328,up
329,up
330,up
331,up
332,up
333,up
334,up
335,up
336,up
337,up
338,up
339,up
340,up
341,up
342,up
343,up
344,up
345,up
346,up
347,up
348,up
349,up
350,up
351,up
352,up
353,up
354,up
355,up
356,up
357,up
358,up
359,up
360,up
361,up
362,up
363,up
364,up
365,up
366,up
367,up
368,up
369,up
370,up
371,up
372,up
373,up
374,up
375,up
376,up
377,up
378,up
379,up
380,up
381,up
382,up
383,up
384,up
385,up
386,up
387,up
388,up
389,up
390,up
391,up
392,up
393,up
394,up
395,up
396,up
397,up
398,up
399,up
400,up
401,up
402,up
403,up
404,up
405,up
406,up
407,up
408,up
409,up
410,up
411,up
412,up
413,up
414,up
415,up
416,up
417,up
418,up
419,up
420,up
421,up
422,up
423,up
424,up
425,up
426,up
427,up
428,up
429,up
430,up
431,up
432,up
433,up
434,up
435,up
436,up
437,up
438,up
439,up
440,up
441,up
442,up
443,up
444,up
445,up
446,up
447,up
448,up
449,up
450,up
451,up
452,up
453,up
454,up
455,up
456,up
457,up
458,up
459,up
460,up
461,up
462,up
463,up
464,up
465,up
466,up
467,up
468,up
469,up
470,up
471,up
472,up
473,up
474,up
475,up
476,up
477,up
478,up
479,up
480,up
481,up
482,up
483,up
484,up
485,up
486,up
487,up
488,up
489,up
490,up
491,up
492,up
493,up
494,up
495,up
496,up
497,up
498,up
499,up
500,up
501,up
502,up
503,up
504,up
505,up
506,up
507,up
508,up
509,up
510,up
511,up
512,up
513,up
514,up
515,up
516,up
517,up
518,up
519,up
520,up
521,up
522,up
523,up
524,up
525,up
526,up
527,up
528,up
529,up
530,up
531,up
532,up
533,up
534,up
535,up
536,up
537,up
538,up
539,up
540,up
541,up
542,up
543,up
544,up
545,up
546,up
547,up
548,up
549,up
550,up
551,up
552,up
553,up
554,up
555,up
556,up
557,up
558,up
559,up
560,up
561,up
562,up
563,up
564,up
565,up
566,up
567,up
568,up
569,up
570,up
571,up
572,up
573,up
574,up
575,up
576,up
577,up
578,up
579,up
580,up
581,up
582,up
583,up
584,up
585,up
586,up
587,up
588,up
589,up
590,up
591,up
592,up
593,up
594,up
595,up
596,up
597,up
598,up
599,up
600,up
601,up
602,up
603,up
604,up
605,up
606,up
607,up
608,up
609,up
610,up
611,up
612,up
613,up
614,up
615,up
616,up
617,up
618,up
619,up
620,up
621,up
622,up
623,up
624,up
625,up
626,up
627,up
628,up
629,up
630,up
631,up
632,up
633,up
634,up
635,up
636,up
637,up
638,up
639,up
640,up
641,up
642,up
643,up
644,up
645,up
646,up
647,up
648,up
649,up
650,up
651,up
652,up
653,up
654,up
655,up
656,up
657,up
658,up
659,up
660,up
661,up
662,up
663,up
664,up
665,up
666,up
667,up
668,up
669,up
670,up
671,up
672,up
673,up
674,up
675,up
676,up
677,up
678,up
679,up
680,up
681,up
682,up
683,up
684,up
685,up
686,up
687,up
688,up
689,up
690,up
691,up
692,up
693,up
694,up
695,up
696,up
697,up
698,up
699,up
700,up
701,up
702,up
703,up
704,up
705,up
706,up
707,up
708,up
709,up
710,up
711,up
712,up
713,up
714,up
715,up
716,up
717,up
718,up
719,up
720,up
721,up
722,up
723,up
724,up
725,up
726,up
727,up
728,up
729,up
730,up
731,up
732,up
733,up
734,up
735,up
736,up
737,up
738,up
739,up
740,up
741,up
742,up
743,up
744,up
745,up
746,up
747,up
748,up
749,up
750,up
751,up
752,up
753,up
754,up
755,up
756,up
757,up
758,up
759,up
760,up
761,up
762,up
763,up
764,up
765,up
766,up
767,up
768,up
769,up
770,up
771,up
772,up
773,up
774,up
775,up
776,up
777,up
778,up
779,up
780,up
781,up
782,up
783,up
784,up
785,up
786,up
787,up
788,up
789,up
790,up
791,up
792,up
793,up
794,up
795,up
796,up
797,up
798,up
799,up
800,up
801,up
802,up
803,up
804,up
805,up
806,up
807,up
808,up
809,up
810,up
811,up
812,up
813,up
814,up
815,up
816,up
817,up
818,up
819,up
820,up
821,up
822,up
823,up
824,up
825,up
826,up
827,up
828,up
829,up
830,up
831,up
832,up
833,up
834,up
835,up
836,up
837,up
838,up
839,up
840,up
841,up
842,up
843,up
844,up
845,up
846,up
847,up
848,up
849,up
850,up
851,up
852,up
853,up
854,up
855,up
856,up
857,up
858,up
859,up
860,up
861,up
862,up
863,up
864,up
865,up
866,up
867,up
868,up
869,up
870,up
871,up
872,up
873,up
874,up
875,up
876,up
877,up
878,up
879,up
880,up
881,up
882,up
883,up
884,up
885,up
886,up
887,up
888,up
889,up
890,up
891,up
892,up
893,up
894,up
895,up
896,up
897,up
898,up
899,up
900,up
901,up
902,up
903,up
904,up
905,up
906,up
907,up
908,up
909,up
910,up
911,up
912,up
913,up
914,up
915,up
916,up
917,up
918,up
919,up
920,up
921,up
922,up
923,up
924,up
925,up
926,up
927,up
928,up
929,up
930,up
931,up
932,up
933,up
934,up
935,up
936,up
937,up
938,up
939,up
940,up
941,up
942,up
943,up
944,up
945,up
946,up
947,up
948,up
949,up
950,up
951,up
952,up
953,up
954,up
955,up
956,up
957,up
958,up
959,up
960,up
961,up
962,up
963,up
964,up
965,up
966,up
967,up
968,up
969,up
970,up
971,up
972,up
973,up
974,up
975,up
976,up
977,up
978,up
979,up
980,up
981,up
982,up
983,up
984,up
985,up
986,up
987,up
988,up
989,up
990,up
991,up
992,up
993,up
994,up
995,up
996,up
997,up
998,up
999,up
1000,up
1001,up
1002,up
1003,up
1004,up
1005,up
1006,up
1007,up
1008,up
1009,up
1010,up
1011,up
1012,up
1013,up
1014,up
1015,up
1016,up
1017,up
1018,up
1019,up
1020,up
1021,up
1022,up
1023,up
1024,up
1025,up
1026,up
1027,up
1028,up
1029,up
1030,up
1031,up
1032,up
1033,up
1034,up
1035,up
1036,up
1037,up
1038,up
1039,up
1040,up
1041,up
1042,up
1043,up
1044,up
1045,up
1046,up
1047,up
1048,up
1049,up
1050,up
1051,up
1052,up
1053,up
1054,up
1055,up
1056,up
1057,up
1058,up
1059,up
1060,up
1061,up
1062,up
1063,up
1064,up
1065,up
1066,up
1067,up
1068,up
1069,up
1070,up
1071,up
1072,up
1073,up
1074,up
1075,up
1076,up
1077,up
1078,up
1079,up
1080,up
1081,up
1082,up
1083,up
1084,up
1085,up
1086,up
1087,up
1088,up
1089,up
1090,up
1091,up
1092,up
1093,up
1094,up
1095,up
1096,up
1097,up
1098,up
1099,up
1100,up
1101,up
1102,up
1103,up
1104,up
1105,up
1106,up
1107,up
1108,up
1109,up
1110,up
1111,up
1112,up
1113,up
1114,up
1115,up
1116,up
1117,up
1118,up
1119,up
1120,up
1121,up
1122,up
1123,up
1124,up
1125,up
1126,up
1127,up
1128,up
1129,up
1130,up
1131,up
1132,up
1133,up
1134,up
1135,up
1136,up
1137,up
1138,up
1139,up
1140,up
1141,up
1142,up
1143,up
1144,up
1145,up
1146,up
1147,up
1148,up
1149,up
1150,up
1151,up
1152,up
1153,up
1154,up
1155,up
1156,up
1157,up
1158,up
1159,up
1160,up
1161,up
1162,up
1163,up
1164,up
1165,up
1166,up
1167,up
1168,up
1169,up
1170,up
1171,up
1172,up
1173,up
1174,up
1175,up
1176,up
1177,up
1178,up
1179,up
1180,up
1181,up
1182,up
1183,up
1184,up
1185,up
1186,up
1187,up
1188,up
1189,up
1190,up
1191,up
1192,up
1193,up
1194,up
1195,up
1196,up
1197,up
1198,up
1199,up
1200,up
1201,up
1202,up
1203,up
1204,up
1205,up
1206,up
1207,up
1208,up
1209,up
1210,up
1211,up
1212,up
1213,up
1214,up
1215,up
1216,up
1217,up
1218,up
1219,up
1220,up
1221,up
1222,up
1223,up
1224,up
1225,up
1226,up
1227,up
1228,up
1229,up
1230,up
1231,up
1232,up
1233,up
1234,up
1235,up
1236,up
1237,up
1238,up
1239,up
1240,up
1241,up
1242,up
1243,up
1244,up
1245,up
1246,up
1247,up
1248,up
1249,up
1250,up
1251,up
1252,up
1253,up
1254,up
1255,up
1256,up
1257,up
1258,up
1259,up
1260,up
1261,up
1262,up
1263,up
1264,up
1265,up
1266,up
1267,up
1268,up
1269,up
1270,up
1271,up
1272,up
1273,up
1274,up
1275,up
1276,up
1277,up
1278,up
1279,up
1280,up
1281,up
1282,up
1283,up
1284,up
1285,up
1286,up
1287,up
1288,up
1289,up
1290,up
1291,up
1292,up
1293,up
1294,up
1295,up
1296,up
1297,up
1298,up
1299,up
1300,up
1301,up
1302,up
1303,up
1304,up
1305,up
1306,up
1307,up
1308,up
1309,up
1310,up
1311,up
1312,up
1313,up
1314,up
1315,up
1316,up
1317,up
1318,up
1319,up
1320,up
1321,up
1322,up
1323,up
1324,up
1325,up
1326,up
1327,up
1328,up
1329,up
1330,up
1331,up
1332,up
1333,up
1334,up
1335,up
1336,up
1337,up
1338,up
1339,up
1340,up
1341,up
1342,up
1343,up
1344,up
1345,up
1346,up
1347,up
1348,up
1349,up
1350,up
1351,up
1352,up
1353,up
1354,up
1355,up
1356,up
1357,up
1358,up
1359,up
1360,up
1361,up
1362,up
1363,up
1364,up
1365,up
1366,up
1367,up
1368,up
1369,up
1370,up
1371,up
1372,up
1373,up
1374,up
1375,up
1376,up
1377,up
1378,up
1379,up
1380,up
1381,up
1382,up
1383,up
1384,up
1385,up
1386,up
1387,up
1388,up
1389,up
1390,up
1391,up
1392,up
1393,up
1394,up
1395,up
1396,up
1397,up
1398,up
1399,up
1400,up
1401,up
1402,up
1403,up
1404,up
1405,up
1406,up
1407,up
1408,up
1409,up
1410,up
1411,up
1412,up
1413,up
1414,up
1415,up
1416,up
1417,up
1418,up
1419,up
1420,up
1421,up
1422,up
1423,up
1424,up
1425,up
1426,up
1427,up
1428,up
1429,up
1430,up
1431,up
1432,up
1433,up
1434,up
1435,up
1436,up
1437,up
1438,up
1439,up
1440,up
1441,up
1442,up
1443,up
1444,up
1445,up
1446,up
1447,up
1448,up
1449,up
1450,up
1451,up
1452,up
1453,up
1454,up
1455,up
1456,up
1457,up
1458,up
1459,up
1460,up
1461,up
1462,up
1463,up
1464,up
1465,up
1466,up
1467,up
1468,up
1469,up
1470,up
1471,up
1472,up
1473,up
1474,up
1475,up
1476,up
1477,up
1478,up
1479,up
1480,up
1481,up
1482,up
1483,up
1484,up
1485,up
1486,up
1487,up
1488,up
1489,up
1490,up
1491,up
1492,up
1493,up
1494,up
1495,up
1496,up
1497,up
1498,up
1499,up
1500,up
1501,up
1502,up
1503,up
1504,up
1505,up
1506,up
1507,up
1508,up
1509,up
1510,up
1511,up
1512,up
1513,up
1514,up
1515,up
1516,up
1517,up
1518,up
1519,up
1520,up
1521,up
1522,up
1523,up
1524,up
1525,up
1526,up
1527,up
1528,up
1529,up
1530,up
1531,up
1532,up
1533,up
1534,up
1535,up
1536,up
1537,up
1538,up
1539,up
1540,up
1541,up
1542,up
1543,up
1544,up
1545,up
1546,up
1547,up
1548,up
1549,up
1550,up
1551,up
1552,up
1553,up
1554,up
1555,up
1556,up
1557,up
1558,up
1559,up
1560,up
1561,up
1562,up
1563,up
1564,up
1565,up
1566,up
1567,up
1568,up
1569,up
1570,up
1571,up
1572,up
1573,up
1574,up
1575,up
1576,up
1577,up
1578,up
1579,up
1580,up
1581,up
1582,up
1583,up
1584,up
1585,up
1586,up
1587,up
1588,up
1589,up
1590,up
1591,up
1592,up
1593,up
1594,up
1595,up
1596,up
1597,up
1598,up
1599,up
1600,up
1601,up
1602,up
1603,up
1604,up
1605,up
1606,up
1607,up
1608,up
1609,up
1610,up
1611,up
1612,up
1613,up
1614,up
1615,up
1616,up
1617,up
1618,up
1619,up
1620,up
1621,up
1622,up
1623,up
1624,up
1625,up
1626,up
1627,up
1628,up
1629,up
1630,up
1631,up
1632,up
1633,up
1634,up
1635,up
1636,up
1637,up
1638,up
1639,up
1640,up
1641,up
1642,up
1643,up
1644,up
1645,up
1646,up
1647,up
1648,up
1649,up
1650,up
1651,up
1652,up
1653,up
1654,up
1655,up
1656,up
1657,up
1658,up
1659,up
1660,up
1661,up
1662,up
1663,up
1664,up
1665,up
1666,up
1667,up
1668,up
1669,up
1670,up
1671,up
1672,up
1673,up
1674,up
1675,up
1676,up
1677,up
1678,up
1679,up
1680,up
1681,up
1682,up
1683,up
1684,up
1685,up
1686,up
1687,up
1688,up
1689,up
1690,up
1691,up
1692,up
1693,up
1694,up
1695,up
1696,up
1697,up
1698,up
1699,up
1700,up
1701,up
1702,up
1703,up
1704,up
1705,up
1706,up
1707,up
1708,up
1709,up
1710,up
1711,up
1712,up
1713,up
1714,up
1715,up
1716,up
1717,up
1718,up
1719,up
1720,up
1721,up
1722,up
1723,up
1724,up
1725,up
1726,up
1727,up
1728,up
1729,up
1730,up
1731,up
1732,up
1733,up
1734,up
1735,up
1736,up
1737,up
1738,up
1739,up
1740,up
1741,up
1742,up
1743,up
1744,up
1745,up
1746,up
1747,up
1748,up
1749,up
1750,up
1751,up
1752,up
1753,up
1754,up
1755,up
1756,up
1757,up
1758,up
1759,up
1760,up
1761,up
1762,up
1763,up
1764,up
1765,up
1766,up
1767,up
1768,up
1769,up
1770,up
1771,up
1772,up
1773,up
1774,up
1775,up
1776,up
1777,up
1778,up
1779,up
1780,up
1781,up
1782,up
1783,up
1784,up
1785,up
1786,up
1787,up
1788,up
1789,up
1790,up
1791,up
1792,up
1793,up
1794,up
1795,up
1796,up
1797,up
1798,up
1799,up
1800,up
1801,up
1802,up
1803,up
1804,up
1805,up
1806,up
1807,up
1808,up
1809,up
1810,up
1811,up
1812,up
1813,up
1814,up
1815,up
1816,up
1817,up
1818,up
1819,up
1820,up
1821,up
1822,up
1823,up
1824,up
1825,up
1826,up
1827,up
1828,up
1829,up
1830,up
1831,up
1832,up
1833,up
1834,up
1835,up
1836,up
1837,up
1838,up
1839,up
1840,up
1841,up
1842,up
1843,up
1844,up
1845,up
1846,up
1847,up
1848,up
1849,up
1850,up
1851,up
1852,up
1853,up
1854,up
1855,up
1856,up
1857,up
1858,up
1859,up
1860,up
1861,up
1862,up
1863,up
1864,up
1865,up
1866,up
1867,up
1868,up
1869,up
1870,up
1871,up
1872,up
1873,up
1874,up
1875,up
1876,up
1877,up
1878,up
1879,up
1880,up
1881,up
1882,up
1883,up
1884,up
1885,up
1886,up
1887,up
1888,up
1889,up
1890,up
1891,up
1892,up
1893,up
1894,up
1895,up
1896,up
1897,up
1898,up
1899,up
1900,up
1901,up
1902,up
1903,up
1904,up
1905,up
1906,up
1907,up
1908,up
1909,up
1910,up
1911,up
1912,up
1913,up
1914,up
1915,up
1916,up
1917,up
1918,up
1919,up
1920,up
1921,up
1922,up
1923,up
1924,up
1925,up
1926,up
1927,up
1928,up
1929,up
1930,up
1931,up
1932,up
1933,up
1934,up
1935,up
1936,up
1937,up
1938,up
1939,up
1940,up
1941,up
1942,up
1943,up
1944,up
1945,up
1946,up
1947,up
1948,up
1949,up
1950,up
1951,up
1952,up
1953,up
1954,up
1955,up
1956,up
1957,up
1958,up
1959,up
1960,up
1961,up
1962,up
1963,up
1964,up
1965,up
1966,up
1967,up
1968,up
1969,up
1970,up
1971,up
1972,up
1973,up
1974,up
1975,up
1976,up
1977,up
1978,up
1979,up
1980,up
1981,up
1982,up
1983,up
1984,up
1985,up
1986,up
1987,up
1988,up
1989,up
1990,up
1991,up
1992,up
1993,up
1994,up
1995,up
1996,up
1997,up
1998,up
1999,up
2000,up
2001,up
2002,up
2003,up
2004,up
2005,up
2006,up
2007,up
2008,up
2009,up
2010,up
2011,up
2012,up
2013,up
2014,up
2015,up
2016,up
2017,up
2018,up
2019,up
2020,up
2021,up
2022,up
2023,up
2024,up
2025,up
2026,up
2027,up
2028,up
2029,up
2030,up
2031,up
2032,up
2033,up
2034,up
2035,up
2036,up
2037,up
2038,up
2039,up
2040,up
2041,up
2042,up
2043,up
2044,up
2045,up
2046,up
2047,up
2048,up
2049,up
2050,up
2051,up
2052,up
2053,up
2054,up
2055,up
2056,up
2057,up
2058,up
2059,up
2060,up
2061,up
2062,up
2063,up
2064,up
2065,up
2066,up
2067,up
2068,up
2069,up
2070,up
2071,up
2072,up
2073,up
2074,up
2075,up
2076,up
2077,up
2078,up
2079,up
2080,up
2081,up
2082,up
2083,up
2084,up
2085,up
2086,up
2087,up
2088,up
2089,up
2090,up
2091,up
2092,up
2093,up
2094,up
2095,up
2096,up
2097,up
2098,up
2099,up
2100,up
2101,up
2102,up
2103,up
2104,up
2105,up
2106,up
2107,up
2108,up
2109,up
2110,up
2111,up
2112,up
2113,up
2114,up
2115,up
2116,up
2117,up
2118,up
2119,up
2120,up
2121,up
2122,up
2123,up
2124,up
2125,up
2126,up
2127,up
2128,up
2129,up
2130,up
2131,up
2132,up
2133,up
2134,up
2135,up
2136,up
2137,up
2138,up
2139,up
2140,up
2141,up
2142,up
2143,up
2144,up
2145,up
2146,up
2147,up
2148,up
2149,up
2150,up
2151,up
2152,up
2153,up
2154,up
2155,up
2156,up
2157,up
2158,up
2159,up
2160,up
2161,up
2162,up
2163,up
2164,up
2165,up
2166,up
2167,up
2168,up
2169,up
2170,up
2171,up
2172,up
2173,up
2174,up
2175,up
2176,up
2177,up
2178,up
2179,up
2180,up
2181,up
2182,up
2183,up
2184,up
2185,up
2186,up
2187,up
2188,up
2189,up
2190,up
2191,up
2192,up
2193,up
2194,up
2195,up
2196,up
2197,up
2198,up
2199,up
2200,up
2201,up
2202,up
2203,up
2204,up
2205,up
2206,up
2207,up
2208,up
2209,up
2210,up
2211,up
2212,up
2213,up
2214,up
2215,up
2216,up
2217,up
2218,up
2219,up
2220,up
2221,up
2222,up
2223,up
2224,up
2225,up
2226,up
2227,up
2228,up
2229,up
2230,up
2231,up
2232,up
2233,up
2234,up
2235,up
2236,up
2237,up
2238,up
2239,up
2240,up
2241,up
2242,up
2243,up
2244,up
2245,up
2246,up
2247,up
2248,up
2249,up
2250,up
2251,up
2252,up
2253,up
2254,up
2255,up
2256,up
2257,up
2258,up
2259,up
2260,up
2261,up
2262,up
2263,up
2264,up
2265,up
2266,up
2267,up
2268,up
2269,up
2270,up
2271,up
2272,up
2273,up
2274,up
2275,up
2276,up
2277,up
2278,up
2279,up
2280,up
2281,up
2282,up
2283,up
2284,up
2285,up
2286,up
2287,up
2288,up
2289,up
2290,up
2291,up
2292,up
2293,up
2294,up
2295,up
2296,up
2297,up
2298,up
2299,up
2300,up
2301,up
2302,up
2303,up
2304,up
2305,up
2306,up
2307,up
2308,up
2309,up
2310,up
2311,up
2312,up
2313,up
2314,up
2315,up
2316,up
2317,up
2318,up
2319,up
2320,up
2321,up
2322,up
2323,up
2324,up
2325,up
2326,up
2327,up
2328,up
2329,up
2330,up
2331,up
2332,up
2333,up
2334,up
2335,up
2336,up
2337,up
2338,up
2339,up
2340,up
2341,up
2342,up
2343,up
2344,up
2345,up
2346,up
2347,up
2348,up
2349,up
2350,up
2351,up
2352,up
2353,up
2354,up
2355,up
2356,up
2357,up
2358,up
2359,up
2360,up
2361,up
2362,up
2363,up
2364,up
2365,up
2366,up
2367,up
2368,up
2369,up
2370,up
2371,up
2372,up
2373,up
2374,up
2375,up
2376,up
2377,up
2378,up
2379,up
2380,up
2381,up
2382,up
2383,up
2384,up
2385,up
2386,up
2387,up
2388,up
2389,up
2390,up
2391,up
2392,up
2393,up
2394,up
2395,up
2396,up
2397,up
2398,up
2399,up
2400,up
2401,up
2402,up
2403,up
2404,up
2405,up
2406,up
2407,up
2408,up
2409,up
2410,up
2411,up
2412,up
2413,up
2414,up
2415,up
2416,up
2417,up
2418,up
2419,up
2420,up
2421,up
2422,up
2423,up
2424,up
2425,up
2426,up
2427,up
2428,up
2429,up
2430,up
2431,up
2432,up
2433,up
2434,up
2435,up
2436,up
2437,up
2438,up
2439,up
2440,up
2441,up
2442,up
2443,up
2444,up
2445,up
2446,up
2447,up
2448,up
2449,up
2450,up
2451,up
2452,up
2453,up
2454,up
2455,up
2456,up
2457,up
2458,up
2459,up
2460,up
2461,up
2462,up
2463,up
2464,up
2465,up
2466,up
2467,up
2468,up
2469,up
2470,up
2471,up
2472,up
2473,up
2474,up
2475,up
2476,up
2477,up
2478,up
2479,up
2480,up
2481,up
2482,up
2483,up
2484,up
2485,up
2486,up
2487,up
2488,up
2489,up
2490,up
2491,up
2492,up
2493,up
2494,up
2495,up
2496,up
2497,up
2498,up
2499,up
2500,up
2501,up
2502,up
2503,up
2504,up
2505,up
2506,up
2507,up
2508,up
2509,up
2510,up
2511,up
2512,up
2513,up
2514,up
2515,up
2516,up
2517,up
2518,up
2519,up
2520,up
2521,up
2522,up
2523,up
2524,up
2525,up
2526,up
2527,up
2528,up
2529,up
2530,up
2531,up
2532,up
2533,up
2534,up
2535,up
2536,up
2537,up
2538,up
2539,up
2540,up
2541,up
2542,up
2543,up
2544,up
2545,up
2546,up
2547,up
2548,up
2549,up
2550,up
2551,up
2552,up
2553,up
2554,up
2555,up
2556,up
2557,up
2558,up
2559,up
2560,up
2561,up
2562,up
2563,up
2564,up
2565,up
2566,up
2567,up
2568,up
2569,up
2570,up
2571,up
2572,up
2573,up
2574,up
2575,up
2576,up
2577,up
2578,up
2579,up
2580,up
2581,up
2582,up
2583,up
2584,up
2585,up
2586,up
2587,up
2588,up
2589,up
2590,up
2591,up
2592,up
2593,up
2594,up
2595,up
2596,up
2597,up
2598,up
2599,up
2600,up
2601,up
2602,up
2603,up
2604,up
2605,up
2606,up
2607,up
2608,up
2609,up
2610,up
2611,up
2612,up
2613,up
2614,up
2615,up
2616,up
2617,up
2618,up
2619,up
2620,up
2621,up
2622,up
2623,up
2624,up
2625,up
2626,up
2627,up
2628,up
2629,up
2630,up
2631,up
2632,up
2633,up
2634,up
2635,up
2636,up
2637,up
2638,up
2639,up
2640,up
2641,up
2642,up
2643,up
2644,up
2645,up
2646,up
2647,up
2648,up
2649,up
2650,up
2651,up
2652,up
2653,up
2654,up
2655,up
2656,up
2657,up
2658,up
2659,up
2660,up
2661,up
2662,up
2663,up
2664,up
2665,up
2666,up
2667,up
2668,up
2669,up
2670,up
2671,up
2672,up
2673,up
2674,up
2675,up
2676,up
2677,up
2678,up
2679,up
2680,up
2681,up
2682,up
2683,up
2684,up
2685,up
2686,up
2687,up
2688,up
2689,up
2690,up
2691,up
2692,up
2693,up
2694,up
2695,up
2696,up
2697,up
2698,up
2699,up
2700,up
2701,up
2702,up
2703,up
2704,up
2705,up
2706,up
2707,up
2708,up
2709,up
2710,up
2711,up
2712,up
2713,up
2714,up
2715,up
2716,up
2717,up
2718,up
2719,up
2720,up
2721,up
2722,up
2723,up
2724,up
2725,up
2726,up
2727,up
2728,up
2729,up
2730,up
2731,up
2732,up
2733,up
2734,up
2735,up
2736,up
2737,up
2738,up
2739,up
2740,up
2741,up
2742,up
2743,up
2744,up
2745,up
2746,up
2747,up
2748,up
2749,up
2750,up
2751,up
2752,up
2753,up
2754,up
2755,up
2756,up
2757,up
2758,up
2759,up
2760,up
2761,up
2762,up
2763,up
2764,up
2765,up
2766,up
2767,up
2768,up
2769,up
2770,up
2771,up
2772,up
2773,up
2774,up
2775,up
2776,up
2777,up
2778,up
2779,up
2780,up
2781,up
2782,up
2783,up
2784,up
2785,up
2786,up
2787,up
2788,up
2789,up
2790,up
2791,up
2792,up
2793,up
2794,up
2795,up
2796,up
2797,up
2798,up
2799,up
2800,up
2801,up
2802,up
2803,up
2804,up
2805,up
2806,up
2807,up
2808,up
2809,up
2810,up
2811,up
2812,up
2813,up
2814,up
2815,up
2816,up
2817,up
2818,up
2819,up
2820,up
2821,up
2822,up
2823,up
2824,up
2825,up
2826,up
2827,up
2828,up
2829,up
2830,up
2831,up
2832,up
2833,up
2834,up
2835,up
2836,up
2837,up
2838,up
2839,up
2840,up
2841,up
2842,up
2843,up
2844,up
2845,up
2846,up
2847,up
2848,up
2849,up
2850,up
2851,up
2852,up
2853,up
2854,up
2855,up
2856,up
2857,up
2858,up
2859,up
2860,up
2861,up
2862,up
2863,up
2864,up
2865,up
2866,up
2867,up
2868,up
2869,up
2870,up
2871,up
2872,up
2873,up
2874,up
2875,up
2876,up
2877,up
2878,up
2879,up
2880,up
2881,up
2882,up
2883,up
2884,up
2885,up
2886,up
2887,up
2888,up
2889,up
2890,up
2891,up
2892,up
2893,up
2894,up
2895,up
2896,up
2897,up
2898,up
2899,up
2900,up
2901,up
2902,up
2903,up
2904,up
2905,up
2906,up
2907,up
2908,up
2909,up
2910,up
2911,up
2912,up
2913,up
2914,up
2915,up
2916,up
2917,up
2918,up
2919,up
2920,up
2921,up
2922,up
2923,up
2924,up
2925,up
2926,up
2927,up
2928,up
2929,up
2930,up
2931,up
2932,up
2933,up
2934,up
2935,up
2936,up
2937,up
2938,up
2939,up
2940,up
2941,up
2942,up
2943,up
2944,up
2945,up
2946,up
2947,up
2948,up
2949,up
2950,up
2951,up
2952,up
2953,up
2954,up
2955,up
2956,up
2957,up
2958,up
2959,up
2960,up
2961,up
2962,up
2963,up
2964,up
2965,up
2966,up
2967,up
2968,up
2969,up
2970,up
2971,up
2972,up
2973,up
2974,up
2975,up
2976,up
2977,up
2978,up
2979,up
2980,up
2981,up
2982,up
2983,up
2984,up
2985,up
2986,up
2987,up
2988,up
2989,up
2990,up
2991,up
2992,up
2993,up
2994,up
2995,up
2996,up
2997,up
2998,up
2999,up
3000,up
3001,up
3002,up
3003,up
3004,up
3005,up
3006,up
3007,up
3008,up
3009,up
3010,up
3011,up
3012,up
3013,up
3014,up
3015,up
3016,up
