uuid,stkcd,date
0,1,20250605
1,2,20250604
2,2,20250605
3,4,20250604
4,10,20250604
5,10,20250606
6,11,20250603
7,12,20250604
8,16,20250603
9,21,20250605
10,26,20250605
11,27,20250606
12,29,20250605
13,34,20250604
14,34,20250606
15,36,20250604
16,37,20250604
17,39,20250604
18,50,20250604
19,56,20250603
20,60,20250603
21,61,20250605
22,62,20250603
23,62,20250604
24,63,20250605
25,65,20250603
26,68,20250604
27,89,20250603
28,90,20250604
29,100,20250603
30,100,20250604
31,100,20250606
32,156,20250605
33,157,20250605
34,166,20250606
35,333,20250603
36,333,20250604
37,333,20250606
38,338,20250604
39,400,20250603
40,401,20250604
41,401,20250605
42,402,20250604
43,402,20250606
44,403,20250603
45,403,20250606
46,404,20250603
47,404,20250604
48,408,20250604
49,410,20250604
50,411,20250604
51,415,20250603
52,415,20250606
53,422,20250603
54,422,20250605
55,422,20250606
56,425,20250604
57,426,20250603
58,498,20250603
59,498,20250604
60,498,20250605
61,498,20250606
62,501,20250605
63,503,20250606
64,505,20250603
65,505,20250604
66,506,20250603
67,506,20250604
68,507,20250605
69,507,20250606
70,513,20250604
71,518,20250605
72,521,20250605
73,526,20250604
74,526,20250605
75,526,20250606
76,528,20250604
77,529,20250604
78,534,20250603
79,534,20250605
80,536,20250603
81,537,20250604
82,539,20250605
83,543,20250603
84,544,20250604
85,546,20250603
86,548,20250605
87,550,20250604
88,552,20250605
89,554,20250604
90,555,20250603
91,555,20250605
92,557,20250603
93,558,20250606
94,559,20250603
95,559,20250606
96,561,20250603
97,566,20250604
98,567,20250603
99,568,20250605
100,571,20250604
101,573,20250606
102,581,20250604
103,582,20250605
104,590,20250604
105,591,20250606
106,592,20250604
107,592,20250606
108,595,20250603
109,597,20250605
110,598,20250603
111,600,20250606
112,601,20250603
113,615,20250606
114,620,20250605
115,622,20250603
116,623,20250604
117,625,20250603
118,625,20250605
119,626,20250605
120,629,20250605
121,630,20250604
122,631,20250603
123,631,20250604
124,632,20250604
125,636,20250605
126,638,20250603
127,651,20250604
128,657,20250603
129,661,20250604
130,661,20250605
131,670,20250606
132,680,20250604
133,680,20250605
134,681,20250603
135,685,20250606
136,686,20250606
137,691,20250603
138,692,20250604
139,695,20250605
140,697,20250606
141,700,20250604
142,702,20250606
143,703,20250604
144,708,20250603
145,710,20250606
146,712,20250603
147,712,20250606
148,715,20250603
149,719,20250604
150,723,20250606
151,725,20250603
152,725,20250604
153,725,20250606
154,729,20250603
155,731,20250604
156,736,20250606
157,739,20250603
158,739,20250604
159,739,20250606
160,756,20250606
161,758,20250604
162,758,20250605
163,761,20250604
164,762,20250603
165,766,20250603
166,768,20250605
167,776,20250603
168,776,20250604
169,776,20250605
170,776,20250606
171,778,20250603
172,778,20250605
173,778,20250606
174,779,20250604
175,779,20250605
176,783,20250606
177,785,20250604
178,786,20250603
179,786,20250606
180,789,20250603
181,798,20250603
182,799,20250605
183,801,20250605
184,801,20250606
185,803,20250604
186,810,20250606
187,813,20250604
188,818,20250606
189,819,20250604
190,821,20250605
191,826,20250603
192,826,20250606
193,829,20250604
194,833,20250606
195,837,20250604
196,848,20250604
197,851,20250606
198,852,20250604
199,868,20250603
200,869,20250605
201,877,20250603
202,880,20250606
203,882,20250603
204,882,20250606
205,886,20250604
206,888,20250605
207,889,20250603
208,892,20250605
209,893,20250606
210,898,20250604
211,900,20250603
212,905,20250604
213,905,20250606
214,908,20250605
215,908,20250606
216,912,20250604
217,915,20250604
218,917,20250605
219,919,20250603
220,921,20250603
221,925,20250604
222,926,20250604
223,928,20250606
224,929,20250605
225,929,20250606
226,932,20250604
227,932,20250605
228,933,20250604
229,935,20250604
230,935,20250606
231,937,20250603
232,937,20250606
233,938,20250605
234,949,20250604
235,952,20250605
236,955,20250604
237,957,20250603
238,957,20250606
239,960,20250605
240,963,20250603
241,966,20250604
242,967,20250605
243,968,20250606
244,975,20250604
245,978,20250606
246,980,20250603
247,981,20250604
248,981,20250606
249,987,20250605
250,987,20250606
251,988,20250604
252,989,20250605
253,990,20250604
254,993,20250605
255,995,20250604
256,997,20250604
257,1202,20250603
258,1202,20250604
259,1202,20250606
260,1203,20250605
261,1203,20250606
262,1205,20250604
263,1205,20250605
264,1206,20250604
265,1207,20250606
266,1208,20250604
267,1211,20250604
268,1212,20250603
269,1212,20250604
270,1212,20250606
271,1213,20250604
272,1215,20250604
273,1216,20250606
274,1226,20250604
275,1227,20250605
276,1228,20250604
277,1230,20250606
278,1236,20250606
279,1258,20250603
280,1258,20250605
281,1258,20250606
282,1266,20250604
283,1267,20250605
284,1269,20250604
285,1270,20250603
286,1279,20250604
287,1283,20250604
288,1283,20250605
289,1283,20250606
290,1287,20250605
291,1288,20250603
292,1288,20250605
293,1301,20250603
294,1301,20250604
295,1313,20250604
296,1314,20250604
297,1318,20250606
298,1322,20250604
299,1323,20250603
300,1323,20250604
301,1324,20250603
302,1326,20250605
303,1333,20250605
304,1335,20250605
305,1356,20250604
306,1373,20250605
307,1378,20250604
308,1378,20250605
309,1380,20250604
310,1382,20250605
311,1389,20250603
312,1390,20250605
313,1872,20250605
314,1914,20250605
315,1965,20250604
316,1979,20250603
317,1979,20250604
318,1979,20250605
319,2001,20250604
320,2004,20250604
321,2008,20250604
322,2008,20250606
323,2009,20250603
324,2017,20250604
325,2017,20250606
326,2019,20250605
327,2020,20250604
328,2021,20250603
329,2023,20250604
330,2025,20250604
331,2026,20250604
332,2026,20250605
333,2029,20250604
334,2029,20250606
335,2031,20250603
336,2032,20250604
337,2034,20250604
338,2039,20250603
339,2046,20250605
340,2048,20250604
341,2049,20250603
342,2049,20250605
343,2050,20250605
344,2051,20250603
345,2055,20250604
346,2055,20250605
347,2056,20250603
348,2058,20250605
349,2060,20250603
350,2060,20250604
351,2062,20250606
352,2067,20250604
353,2069,20250606
354,2074,20250605
355,2077,20250604
356,2079,20250606
357,2082,20250604
358,2084,20250604
359,2086,20250603
360,2090,20250605
361,2091,20250605
362,2096,20250606
363,2099,20250604
364,2101,20250606
365,2102,20250604
366,2102,20250606
367,2104,20250603
368,2108,20250604
369,2109,20250606
370,2110,20250604
371,2111,20250605
372,2114,20250604
373,2114,20250605
374,2120,20250605
375,2120,20250606
376,2124,20250603
377,2124,20250604
378,2126,20250604
379,2127,20250604
380,2130,20250604
381,2130,20250605
382,2132,20250604
383,2133,20250604
384,2136,20250603
385,2138,20250603
386,2141,20250604
387,2145,20250603
388,2145,20250604
389,2145,20250606
390,2146,20250603
391,2152,20250606
392,2153,20250605
393,2153,20250606
394,2154,20250603
395,2163,20250603
396,2165,20250603
397,2166,20250603
398,2171,20250603
399,2174,20250606
400,2177,20250603
401,2177,20250606
402,2179,20250605
403,2180,20250604
404,2180,20250605
405,2181,20250603
406,2183,20250605
407,2187,20250605
408,2189,20250605
409,2192,20250604
410,2194,20250606
411,2195,20250603
412,2198,20250604
413,2199,20250605
414,2200,20250605
415,2200,20250606
416,2201,20250604
417,2202,20250603
418,2202,20250604
419,2202,20250605
420,2205,20250603
421,2206,20250604
422,2206,20250606
423,2213,20250606
424,2216,20250604
425,2217,20250603
426,2217,20250606
427,2218,20250603
428,2224,20250603
429,2225,20250606
430,2228,20250604
431,2235,20250603
432,2236,20250603
433,2236,20250604
434,2237,20250604
435,2237,20250605
436,2241,20250603
437,2241,20250605
438,2241,20250606
439,2246,20250603
440,2249,20250604
441,2250,20250604
442,2252,20250604
443,2253,20250603
444,2254,20250604
445,2258,20250605
446,2261,20250605
447,2262,20250605
448,2264,20250603
449,2265,20250605
450,2269,20250605
451,2270,20250604
452,2271,20250606
453,2276,20250605
454,2276,20250606
455,2278,20250606
456,2282,20250604
457,2283,20250604
458,2284,20250604
459,2287,20250604
460,2287,20250606
461,2289,20250606
462,2291,20250604
463,2292,20250605
464,2292,20250606
465,2294,20250605
466,2301,20250605
467,2303,20250604
468,2304,20250603
469,2305,20250603
470,2305,20250604
471,2306,20250605
472,2309,20250603
473,2310,20250605
474,2318,20250604
475,2320,20250606
476,2321,20250605
477,2322,20250604
478,2324,20250604
479,2327,20250603
480,2329,20250606
481,2330,20250605
482,2331,20250606
483,2334,20250604
484,2337,20250604
485,2339,20250604
486,2339,20250605
487,2340,20250604
488,2343,20250604
489,2343,20250605
490,2345,20250605
491,2345,20250606
492,2346,20250604
493,2346,20250605
494,2347,20250605
495,2348,20250603
496,2348,20250605
497,2350,20250603
498,2352,20250603
499,2352,20250604
500,2353,20250604
501,2358,20250603
502,2360,20250603
503,2360,20250605
504,2360,20250606
505,2363,20250603
506,2364,20250604
507,2366,20250604
508,2370,20250605
509,2371,20250603
510,2373,20250603
511,2374,20250605
512,2375,20250604
513,2379,20250606
514,2386,20250605
515,2387,20250604
516,2390,20250606
517,2392,20250604
518,2398,20250604
519,2398,20250606
520,2403,20250604
521,2405,20250604
522,2407,20250604
523,2407,20250605
524,2408,20250604
525,2408,20250606
526,2410,20250604
527,2414,20250606
528,2415,20250604
529,2421,20250606
530,2422,20250605
531,2425,20250603
532,2425,20250604
533,2429,20250604
534,2431,20250604
535,2432,20250604
536,2432,20250605
537,2436,20250605
538,2437,20250604
539,2439,20250603
540,2441,20250603
541,2442,20250604
542,2442,20250606
543,2443,20250604
544,2444,20250604
545,2444,20250605
546,2445,20250604
547,2446,20250604
548,2448,20250604
549,2452,20250604
550,2453,20250605
551,2454,20250606
552,2457,20250604
553,2458,20250605
554,2460,20250604
555,2461,20250605
556,2465,20250603
557,2465,20250604
558,2466,20250604
559,2472,20250606
560,2475,20250603
561,2475,20250604
562,2478,20250604
563,2479,20250606
564,2480,20250603
565,2480,20250604
566,2481,20250603
567,2481,20250606
568,2484,20250604
569,2486,20250606
570,2488,20250603
571,2490,20250605
572,2495,20250604
573,2495,20250605
574,2498,20250606
575,2500,20250603
576,2500,20250606
577,2506,20250603
578,2508,20250605
579,2511,20250604
580,2514,20250603
581,2515,20250604
582,2524,20250604
583,2527,20250606
584,2531,20250606
585,2532,20250604
586,2534,20250606
587,2536,20250604
588,2536,20250606
589,2537,20250603
590,2538,20250606
591,2540,20250603
592,2540,20250606
593,2541,20250604
594,2542,20250603
595,2543,20250606
596,2545,20250604
597,2547,20250603
598,2550,20250603
599,2550,20250604
600,2557,20250603
601,2557,20250604
602,2566,20250606
603,2567,20250604
604,2567,20250605
605,2568,20250604
606,2569,20250604
607,2570,20250604
608,2576,20250604
609,2576,20250606
610,2577,20250604
611,2579,20250605
612,2579,20250606
613,2585,20250604
614,2585,20250606
615,2586,20250603
616,2586,20250605
617,2589,20250603
618,2589,20250604
619,2589,20250606
620,2590,20250605
621,2592,20250604
622,2594,20250603
623,2597,20250606
624,2600,20250604
625,2601,20250604
626,2602,20250603
627,2605,20250603
628,2605,20250606
629,2607,20250603
630,2609,20250604
631,2614,20250603
632,2615,20250603
633,2615,20250604
634,2616,20250604
635,2616,20250606
636,2617,20250604
637,2620,20250603
638,2623,20250603
639,2625,20250604
640,2626,20250604
641,2627,20250604
642,2627,20250606
643,2629,20250605
644,2630,20250603
645,2631,20250604
646,2633,20250604
647,2634,20250603
648,2636,20250605
649,2637,20250603
650,2637,20250604
651,2638,20250604
652,2639,20250603
653,2639,20250605
654,2643,20250604
655,2643,20250605
656,2647,20250604
657,2648,20250603
658,2649,20250603
659,2651,20250606
660,2653,20250603
661,2654,20250604
662,2655,20250604
663,2656,20250603
664,2657,20250604
665,2661,20250605
666,2669,20250604
667,2673,20250603
668,2673,20250605
669,2681,20250604
670,2683,20250603
671,2685,20250606
672,2686,20250605
673,2688,20250603
674,2690,20250605
675,2692,20250605
676,2693,20250604
677,2700,20250604
678,2702,20250605
679,2705,20250604
680,2706,20250604
681,2708,20250605
682,2713,20250604
683,2714,20250604
684,2714,20250606
685,2715,20250605
686,2716,20250603
687,2717,20250603
688,2717,20250606
689,2722,20250605
690,2722,20250606
691,2723,20250603
692,2723,20250604
693,2724,20250604
694,2725,20250604
695,2726,20250604
696,2727,20250603
697,2728,20250604
698,2731,20250604
699,2731,20250606
700,2733,20250604
701,2733,20250606
702,2734,20250603
703,2735,20250605
704,2736,20250603
705,2736,20250604
706,2736,20250606
707,2737,20250603
708,2739,20250606
709,2743,20250603
710,2746,20250605
711,2747,20250605
712,2749,20250605
713,2750,20250606
714,2753,20250606
715,2756,20250603
716,2758,20250604
717,2758,20250605
718,2761,20250603
719,2762,20250605
720,2766,20250605
721,2773,20250603
722,2773,20250604
723,2775,20250606
724,2777,20250606
725,2779,20250604
726,2782,20250606
727,2783,20250606
728,2787,20250603
729,2791,20250603
730,2798,20250604
731,2798,20250606
732,2799,20250604
733,2800,20250603
734,2803,20250605
735,2805,20250606
736,2806,20250605
737,2809,20250605
738,2810,20250604
739,2812,20250603
740,2820,20250606
741,2821,20250604
742,2821,20250606
743,2822,20250603
744,2822,20250605
745,2823,20250606
746,2825,20250604
747,2825,20250606
748,2826,20250603
749,2826,20250604
750,2826,20250605
751,2827,20250606
752,2828,20250603
753,2831,20250603
754,2831,20250605
755,2833,20250604
756,2835,20250603
757,2836,20250606
758,2840,20250603
759,2840,20250604
760,2840,20250606
761,2841,20250603
762,2841,20250604
763,2843,20250603
764,2845,20250605
765,2846,20250603
766,2848,20250604
767,2849,20250603
768,2850,20250605
769,2855,20250603
770,2855,20250606
771,2858,20250603
772,2858,20250604
773,2859,20250606
774,2860,20250603
775,2860,20250604
776,2861,20250604
777,2865,20250603
778,2865,20250604
779,2865,20250606
780,2866,20250606
781,2867,20250604
782,2868,20250603
783,2870,20250603
784,2870,20250604
785,2875,20250603
786,2875,20250605
787,2878,20250603
788,2881,20250604
789,2881,20250606
790,2884,20250604
791,2887,20250605
792,2892,20250605
793,2893,20250603
794,2895,20250603
795,2895,20250604
796,2895,20250605
797,2895,20250606
798,2897,20250606
799,2898,20250605
800,2899,20250605
801,2899,20250606
802,2900,20250604
803,2907,20250603
804,2909,20250604
805,2913,20250604
806,2915,20250603
807,2915,20250604
808,2919,20250604
809,2920,20250605
810,2922,20250605
811,2922,20250606
812,2925,20250604
813,2925,20250606
814,2926,20250605
815,2927,20250603
816,2929,20250605
817,2931,20250606
818,2932,20250603
819,2932,20250605
820,2932,20250606
821,2936,20250606
822,2937,20250604
823,2938,20250603
824,2938,20250604
825,2939,20250605
826,2940,20250604
827,2942,20250605
828,2942,20250606
829,2946,20250605
830,2947,20250605
831,2948,20250604
832,2949,20250604
833,2950,20250605
834,2951,20250604
835,2951,20250605
836,2953,20250606
837,2955,20250603
838,2955,20250605
839,2956,20250606
840,2957,20250603
841,2958,20250605
842,2963,20250604
843,2963,20250606
844,2968,20250604
845,2969,20250604
846,2969,20250606
847,2970,20250604
848,2971,20250603
849,2972,20250603
850,2972,20250605
851,2973,20250605
852,2973,20250606
853,2975,20250605
854,2976,20250604
855,2978,20250606
856,2979,20250604
857,2979,20250606
858,2983,20250605
859,2984,20250604
860,2986,20250604
861,2988,20250604
862,2990,20250603
863,2990,20250606
864,2991,20250605
865,2993,20250604
866,2996,20250603
867,2996,20250605
868,2998,20250604
869,2999,20250605
870,3002,20250604
871,3003,20250606
872,3005,20250604
873,3007,20250605
874,3009,20250604
875,3010,20250605
876,3011,20250604
877,3012,20250604
878,3012,20250606
879,3013,20250605
880,3015,20250603
881,3016,20250604
882,3018,20250606
883,3019,20250604
884,3020,20250606
885,3023,20250605
886,3025,20250603
887,3025,20250604
888,3025,20250606
889,3027,20250603
890,3029,20250605
891,3029,20250606
892,3030,20250604
893,3031,20250604
894,3031,20250605
895,3033,20250605
896,3033,20250606
897,3035,20250606
898,3036,20250604
899,3037,20250604
900,3038,20250603
901,3040,20250604
902,3041,20250603
903,3043,20250605
904,3043,20250606
905,200512,20250604
906,200550,20250604
907,200771,20250604
908,200992,20250606
909,300001,20250603
910,300003,20250603
911,300004,20250606
912,300014,20250606
913,300015,20250603
914,300015,20250604
915,300016,20250605
916,300018,20250605
917,300021,20250604
918,300021,20250606
919,300029,20250606
920,300032,20250605
921,300035,20250605
922,300040,20250605
923,300042,20250603
924,300045,20250606
925,300052,20250603
926,300052,20250604
927,300052,20250606
928,300063,20250603
929,300065,20250606
930,300078,20250603
931,300078,20250605
932,300079,20250603
933,300080,20250605
934,300083,20250604
935,300085,20250604
936,300088,20250605
937,300093,20250604
938,300095,20250604
939,300095,20250605
940,300096,20250603
941,300097,20250606
942,300100,20250606
943,300101,20250603
944,300102,20250604
945,300102,20250605
946,300102,20250606
947,300103,20250606
948,300105,20250604
949,300106,20250603
950,300110,20250603
951,300112,20250606
952,300115,20250604
953,300115,20250605
954,300118,20250604
955,300118,20250606
956,300121,20250603
957,300121,20250604
958,300121,20250605
959,300122,20250605
960,300124,20250606
961,300125,20250603
962,300125,20250604
963,300125,20250605
964,300127,20250603
965,300128,20250604
966,300129,20250606
967,300136,20250605
968,300136,20250606
969,300138,20250604
970,300146,20250603
971,300147,20250603
972,300148,20250606
973,300151,20250603
974,300151,20250604
975,300151,20250605
976,300151,20250606
977,300152,20250603
978,300158,20250603
979,300159,20250603
980,300159,20250606
981,300162,20250603
982,300163,20250603
983,300165,20250603
984,300169,20250603
985,300171,20250604
986,300174,20250604
987,300177,20250604
988,300181,20250604
989,300181,20250605
990,300183,20250603
991,300183,20250604
992,300184,20250603
993,300185,20250604
994,300188,20250603
995,300188,20250606
996,300189,20250605
997,300190,20250606
998,300192,20250606
999,300198,20250603
1000,300198,20250606
1001,300200,20250606
1002,300201,20250604
1003,300203,20250606
1004,300204,20250603
1005,300204,20250605
1006,300205,20250603
1007,300205,20250606
1008,300207,20250606
1009,300208,20250603
1010,300209,20250604
1011,300210,20250603
1012,300214,20250604
1013,300215,20250603
1014,300217,20250603
1015,300217,20250604
1016,300217,20250605
1017,300218,20250606
1018,300221,20250603
1019,300230,20250604
1020,300233,20250603
1021,300233,20250605
1022,300235,20250606
1023,300236,20250604
1024,300238,20250604
1025,300239,20250603
1026,300239,20250605
1027,300240,20250604
1028,300242,20250603
1029,300242,20250606
1030,300246,20250606
1031,300248,20250606
1032,300249,20250603
1033,300249,20250605
1034,300251,20250605
1035,300253,20250603
1036,300254,20250606
1037,300258,20250603
1038,300258,20250605
1039,300261,20250606
1040,300274,20250603
1041,300274,20250605
1042,300275,20250604
1043,300277,20250604
1044,300278,20250605
1045,300281,20250606
1046,300286,20250603
1047,300291,20250606
1048,300292,20250604
1049,300298,20250603
1050,300299,20250605
1051,300302,20250606
1052,300303,20250604
1053,300307,20250604
1054,300319,20250605
1055,300319,20250606
1056,300321,20250604
1057,300322,20250603
1058,300326,20250603
1059,300326,20250606
1060,300327,20250605
1061,300328,20250605
1062,300334,20250604
1063,300334,20250605
1064,300340,20250606
1065,300341,20250604
1066,300341,20250606
1067,300342,20250606
1068,300343,20250604
1069,300347,20250603
1070,300350,20250605
1071,300351,20250605
1072,300353,20250603
1073,300353,20250605
1074,300360,20250605
1075,300368,20250605
1076,300371,20250606
1077,300373,20250605
1078,300376,20250603
1079,300379,20250603
1080,300385,20250604
1081,300393,20250605
1082,300395,20250603
1083,300397,20250603
1084,300398,20250604
1085,300398,20250605
1086,300398,20250606
1087,300400,20250605
1088,300407,20250604
1089,300408,20250605
1090,300411,20250604
1091,300413,20250604
1092,300418,20250605
1093,300423,20250604
1094,300423,20250605
1095,300424,20250603
1096,300432,20250605
1097,300441,20250606
1098,300442,20250604
1099,300444,20250606
1100,300449,20250606
1101,300451,20250605
1102,300452,20250605
1103,300454,20250603
1104,300454,20250604
1105,300454,20250605
1106,300457,20250605
1107,300458,20250603
1108,300458,20250604
1109,300458,20250605
1110,300459,20250603
1111,300459,20250605
1112,300461,20250603
1113,300461,20250606
1114,300463,20250604
1115,300463,20250605
1116,300466,20250604
1117,300467,20250603
1118,300468,20250604
1119,300468,20250606
1120,300469,20250606
1121,300470,20250606
1122,300472,20250604
1123,300472,20250605
1124,300473,20250604
1125,300475,20250605
1126,300475,20250606
1127,300477,20250606
1128,300480,20250605
1129,300483,20250605
1130,300484,20250605
1131,300484,20250606
1132,300488,20250603
1133,300488,20250606
1134,300492,20250605
1135,300492,20250606
1136,300493,20250606
1137,300494,20250603
1138,300496,20250603
1139,300498,20250603
1140,300498,20250604
1141,300498,20250605
1142,300498,20250606
1143,300501,20250603
1144,300502,20250606
1145,300503,20250605
1146,300503,20250606
1147,300504,20250605
1148,300506,20250603
1149,300509,20250604
1150,300512,20250606
1151,300514,20250605
1152,300514,20250606
1153,300516,20250603
1154,300520,20250604
1155,300531,20250603
1156,300536,20250605
1157,300539,20250606
1158,300540,20250605
1159,300540,20250606
1160,300545,20250606
1161,300548,20250606
1162,300550,20250605
1163,300553,20250604
1164,300555,20250604
1165,300557,20250606
1166,300560,20250603
1167,300561,20250603
1168,300561,20250604
1169,300562,20250603
1170,300562,20250606
1171,300563,20250606
1172,300567,20250606
1173,300568,20250604
1174,300569,20250604
1175,300570,20250603
1176,300576,20250605
1177,300578,20250603
1178,300579,20250604
1179,300579,20250605
1180,300582,20250603
1181,300590,20250604
1182,300592,20250603
1183,300594,20250604
1184,300599,20250606
1185,300600,20250606
1186,300602,20250603
1187,300602,20250605
1188,300604,20250605
1189,300605,20250604
1190,300606,20250604
1191,300608,20250604
1192,300610,20250603
1193,300610,20250604
1194,300613,20250604
1195,300616,20250606
1196,300617,20250604
1197,300618,20250603
1198,300620,20250604
1199,300621,20250606
1200,300622,20250603
1201,300622,20250604
1202,300622,20250606
1203,300624,20250604
1204,300627,20250604
1205,300632,20250604
1206,300636,20250605
1207,300641,20250606
1208,300642,20250603
1209,300642,20250605
1210,300644,20250604
1211,300651,20250604
1212,300651,20250606
1213,300655,20250603
1214,300655,20250606
1215,300661,20250605
1216,300661,20250606
1217,300662,20250606
1218,300663,20250605
1219,300672,20250606
1220,300673,20250603
1221,300674,20250603
1222,300677,20250603
1223,300677,20250606
1224,300678,20250605
1225,300679,20250605
1226,300680,20250603
1227,300681,20250603
1228,300681,20250605
1229,300684,20250603
1230,300687,20250604
1231,300688,20250604
1232,300691,20250604
1233,300692,20250606
1234,300697,20250604
1235,300701,20250603
1236,300705,20250603
1237,300706,20250606
1238,300707,20250606
1239,300709,20250606
1240,300712,20250605
1241,300719,20250606
1242,300723,20250605
1243,300726,20250606
1244,300727,20250603
1245,300727,20250606
1246,300729,20250604
1247,300731,20250604
1248,300732,20250605
1249,300737,20250603
1250,300738,20250603
1251,300739,20250603
1252,300739,20250604
1253,300740,20250604
1254,300743,20250603
1255,300748,20250604
1256,300749,20250605
1257,300750,20250604
1258,300750,20250605
1259,300751,20250605
1260,300752,20250603
1261,300756,20250604
1262,300759,20250603
1263,300759,20250604
1264,300760,20250606
1265,300761,20250606
1266,300765,20250605
1267,300767,20250604
1268,300770,20250603
1269,300770,20250606
1270,300772,20250605
1271,300772,20250606
1272,300776,20250603
1273,300776,20250604
1274,300776,20250605
1275,300778,20250603
1276,300779,20250603
1277,300780,20250605
1278,300780,20250606
1279,300781,20250603
1280,300781,20250605
1281,300782,20250603
1282,300782,20250606
1283,300784,20250604
1284,300786,20250603
1285,300793,20250606
1286,300795,20250603
1287,300796,20250603
1288,300796,20250605
1289,300798,20250605
1290,300802,20250604
1291,300803,20250606
1292,300804,20250604
1293,300805,20250603
1294,300813,20250604
1295,300815,20250605
1296,300815,20250606
1297,300816,20250605
1298,300820,20250604
1299,300823,20250604
1300,300823,20250605
1301,300825,20250605
1302,300828,20250603
1303,300829,20250604
1304,300829,20250606
1305,300830,20250606
1306,300832,20250606
1307,300833,20250604
1308,300838,20250604
1309,300838,20250606
1310,300840,20250606
1311,300843,20250605
1312,300843,20250606
1313,300848,20250605
1314,300850,20250606
1315,300852,20250604
1316,300853,20250604
1317,300856,20250606
1318,300857,20250605
1319,300861,20250605
1320,300862,20250604
1321,300862,20250605
1322,300863,20250603
1323,300865,20250605
1324,300866,20250604
1325,300868,20250605
1326,300869,20250604
1327,300870,20250606
1328,300871,20250604
1329,300876,20250605
1330,300877,20250604
1331,300877,20250605
1332,300880,20250604
1333,300881,20250605
1334,300882,20250605
1335,300883,20250604
1336,300891,20250604
1337,300892,20250605
1338,300897,20250605
1339,300898,20250605
1340,300898,20250606
1341,300901,20250604
1342,300903,20250605
1343,300904,20250604
1344,300905,20250603
1345,300907,20250605
1346,300909,20250606
1347,300910,20250605
1348,300912,20250605
1349,300915,20250604
1350,300918,20250603
1351,300918,20250605
1352,300919,20250604
1353,300919,20250605
1354,300920,20250604
1355,300921,20250606
1356,300925,20250605
1357,300925,20250606
1358,300926,20250606
1359,300929,20250603
1360,300929,20250606
1361,300931,20250606
1362,300937,20250606
1363,300939,20250606
1364,300941,20250603
1365,300942,20250606
1366,300943,20250605
1367,300943,20250606
1368,300945,20250605
1369,300946,20250605
1370,300947,20250604
1371,300948,20250603
1372,300948,20250605
1373,300951,20250603
1374,300952,20250605
1375,300952,20250606
1376,300953,20250603
1377,300953,20250604
1378,300956,20250605
1379,300958,20250605
1380,300959,20250605
1381,300959,20250606
1382,300962,20250603
1383,300964,20250604
1384,300964,20250606
1385,300966,20250603
1386,300967,20250603
1387,300967,20250606
1388,300968,20250605
1389,300969,20250603
1390,300969,20250605
1391,300972,20250603
1392,300972,20250605
1393,300975,20250604
1394,300976,20250603
1395,300977,20250606
1396,300979,20250604
1397,300984,20250605
1398,300985,20250604
1399,300986,20250606
1400,300988,20250605
1401,300989,20250604
1402,300990,20250605
1403,300991,20250605
1404,300997,20250605
1405,300998,20250606
1406,301001,20250604
1407,301002,20250604
1408,301003,20250606
1409,301004,20250604
1410,301006,20250605
1411,301008,20250603
1412,301008,20250604
1413,301008,20250605
1414,301008,20250606
1415,301009,20250603
1416,301012,20250603
1417,301012,20250604
1418,301013,20250605
1419,301013,20250606
1420,301015,20250603
1421,301017,20250605
1422,301022,20250603
1423,301026,20250605
1424,301028,20250606
1425,301030,20250604
1426,301031,20250604
1427,301033,20250606
1428,301035,20250603
1429,301039,20250603
1430,301042,20250605
1431,301043,20250605
1432,301043,20250606
1433,301046,20250603
1434,301053,20250604
1435,301057,20250606
1436,301058,20250605
1437,301059,20250606
1438,301065,20250606
1439,301067,20250605
1440,301068,20250603
1441,301071,20250604
1442,301072,20250605
1443,301073,20250606
1444,301075,20250603
1445,301076,20250603
1446,301078,20250603
1447,301080,20250604
1448,301083,20250603
1449,301085,20250606
1450,301086,20250603
1451,301090,20250604
1452,301097,20250605
1453,301098,20250603
1454,301099,20250603
1455,301102,20250605
1456,301109,20250603
1457,301109,20250604
1458,301109,20250606
1459,301120,20250606
1460,301122,20250603
1461,301125,20250604
1462,301127,20250605
1463,301128,20250606
1464,301130,20250604
1465,301131,20250604
1466,301131,20250606
1467,301133,20250604
1468,301135,20250603
1469,301148,20250603
1470,301149,20250604
1471,301150,20250603
1472,301150,20250605
1473,301152,20250606
1474,301155,20250604
1475,301156,20250604
1476,301160,20250603
1477,301162,20250606
1478,301166,20250603
1479,301166,20250605
1480,301167,20250605
1481,301168,20250604
1482,301170,20250605
1483,301177,20250606
1484,301179,20250605
1485,301182,20250605
1486,301183,20250605
1487,301185,20250606
1488,301186,20250604
1489,301188,20250603
1490,301188,20250606
1491,301191,20250603
1492,301191,20250606
1493,301192,20250606
1494,301193,20250605
1495,301198,20250605
1496,301198,20250606
1497,301199,20250603
1498,301199,20250605
1499,301200,20250603
1500,301201,20250605
1501,301205,20250603
1502,301206,20250603
1503,301206,20250604
1504,301211,20250605
1505,301212,20250605
1506,301213,20250606
1507,301217,20250604
1508,301220,20250605
1509,301223,20250603
1510,301228,20250603
1511,301229,20250603
1512,301229,20250604
1513,301229,20250605
1514,301230,20250606
1515,301231,20250603
1516,301231,20250604
1517,301231,20250605
1518,301233,20250603
1519,301233,20250605
1520,301235,20250603
1521,301235,20250604
1522,301235,20250605
1523,301236,20250605
1524,301236,20250606
1525,301239,20250604
1526,301246,20250606
1527,301256,20250604
1528,301258,20250605
1529,301260,20250606
1530,301265,20250604
1531,301267,20250606
1532,301268,20250604
1533,301268,20250605
1534,301269,20250606
1535,301276,20250606
1536,301291,20250603
1537,301292,20250604
1538,301298,20250603
1539,301298,20250606
1540,301299,20250603
1541,301299,20250605
1542,301301,20250603
1543,301302,20250603
1544,301305,20250603
1545,301306,20250606
1546,301310,20250603
1547,301310,20250605
1548,301315,20250604
1549,301319,20250604
1550,301321,20250604
1551,301322,20250603
1552,301325,20250603
1553,301325,20250604
1554,301325,20250606
1555,301327,20250604
1556,301331,20250603
1557,301332,20250605
1558,301333,20250604
1559,301333,20250606
1560,301355,20250603
1561,301355,20250605
1562,301356,20250605
1563,301358,20250603
1564,301359,20250604
1565,301363,20250606
1566,301368,20250605
1567,301369,20250604
1568,301371,20250604
1569,301376,20250604
1570,301376,20250605
1571,301378,20250605
1572,301379,20250603
1573,301380,20250604
1574,301380,20250606
1575,301381,20250606
1576,301382,20250604
1577,301387,20250605
1578,301388,20250603
1579,301390,20250603
1580,301391,20250606
1581,301395,20250603
1582,301396,20250605
1583,301398,20250603
1584,301408,20250606
1585,301413,20250605
1586,301428,20250603
1587,301429,20250604
1588,301429,20250605
1589,301439,20250603
1590,301439,20250605
1591,301448,20250606
1592,301456,20250604
1593,301459,20250604
1594,301468,20250603
1595,301469,20250603
1596,301486,20250605
1597,301489,20250603
1598,301498,20250606
1599,301501,20250606
1600,301505,20250603
1601,301507,20250605
1602,301508,20250604
1603,301509,20250604
1604,301511,20250604
1605,301515,20250604
1606,301515,20250606
1607,301518,20250603
1608,301518,20250605
1609,301518,20250606
1610,301519,20250604
1611,301520,20250604
1612,301522,20250606
1613,301529,20250603
1614,301536,20250603
1615,301536,20250606
1616,301539,20250604
1617,301548,20250604
1618,301555,20250603
1619,301568,20250603
1620,301571,20250606
1621,301580,20250603
1622,301587,20250604
1623,301595,20250606
1624,301600,20250604
1625,301601,20250604
1626,301633,20250604
1627,301636,20250603
1628,301658,20250604
1629,301662,20250603
1630,302132,20250605
1631,430017,20250603
1632,430047,20250603
1633,430090,20250604
1634,430090,20250606
1635,430139,20250604
1636,430198,20250605
1637,430418,20250606
1638,430476,20250603
1639,430476,20250606
1640,430478,20250604
1641,430510,20250605
1642,430564,20250603
1643,600004,20250606
1644,600006,20250605
1645,600006,20250606
1646,600009,20250605
1647,600010,20250605
1648,600016,20250606
1649,600017,20250606
1650,600018,20250604
1651,600019,20250605
1652,600026,20250606
1653,600028,20250604
1654,600029,20250605
1655,600030,20250604
1656,600030,20250605
1657,600031,20250604
1658,600032,20250605
1659,600035,20250605
1660,600052,20250606
1661,600055,20250604
1662,600056,20250606
1663,600057,20250604
1664,600058,20250605
1665,600059,20250604
1666,600060,20250604
1667,600060,20250605
1668,600061,20250604
1669,600062,20250606
1670,600066,20250605
1671,600073,20250605
1672,600076,20250604
1673,600079,20250604
1674,600079,20250606
1675,600081,20250605
1676,600081,20250606
1677,600082,20250606
1678,600085,20250606
1679,600088,20250605
1680,600101,20250606
1681,600103,20250606
1682,600104,20250603
1683,600109,20250604
1684,600110,20250604
1685,600113,20250605
1686,600113,20250606
1687,600115,20250605
1688,600123,20250604
1689,600127,20250604
1690,600128,20250604
1691,600129,20250605
1692,600130,20250604
1693,600133,20250603
1694,600133,20250604
1695,600133,20250606
1696,600136,20250604
1697,600137,20250605
1698,600138,20250605
1699,600141,20250605
1700,600141,20250606
1701,600143,20250605
1702,600150,20250604
1703,600153,20250604
1704,600157,20250604
1705,600162,20250604
1706,600166,20250604
1707,600168,20250606
1708,600170,20250605
1709,600170,20250606
1710,600178,20250604
1711,600178,20250605
1712,600180,20250606
1713,600183,20250604
1714,600185,20250606
1715,600186,20250604
1716,600188,20250605
1717,600190,20250606
1718,600192,20250604
1719,600196,20250604
1720,600200,20250605
1721,600201,20250604
1722,600206,20250606
1723,600208,20250605
1724,600212,20250604
1725,600215,20250604
1726,600216,20250604
1727,600217,20250605
1728,600219,20250604
1729,600219,20250606
1730,600221,20250604
1731,600223,20250605
1732,600228,20250605
1733,600231,20250605
1734,600246,20250604
1735,600246,20250605
1736,600249,20250604
1737,600252,20250604
1738,600255,20250604
1739,600256,20250606
1740,600259,20250605
1741,600261,20250606
1742,600262,20250605
1743,600265,20250605
1744,600266,20250606
1745,600267,20250604
1746,600267,20250606
1747,600268,20250604
1748,600272,20250604
1749,600273,20250604
1750,600273,20250605
1751,600276,20250606
1752,600288,20250606
1753,600293,20250605
1754,600298,20250605
1755,600299,20250606
1756,600302,20250606
1757,600307,20250604
1758,600307,20250606
1759,600309,20250605
1760,600310,20250605
1761,600315,20250605
1762,600319,20250604
1763,600320,20250605
1764,600323,20250603
1765,600325,20250605
1766,600327,20250604
1767,600328,20250604
1768,600329,20250604
1769,600330,20250604
1770,600332,20250604
1771,600337,20250604
1772,600338,20250605
1773,600339,20250606
1774,600345,20250605
1775,600350,20250603
1776,600355,20250606
1777,600358,20250604
1778,600359,20250605
1779,600361,20250605
1780,600361,20250606
1781,600363,20250604
1782,600366,20250604
1783,600367,20250605
1784,600370,20250605
1785,600372,20250603
1786,600372,20250604
1787,600373,20250606
1788,600375,20250604
1789,600376,20250606
1790,600377,20250604
1791,600379,20250606
1792,600380,20250606
1793,600381,20250604
1794,600381,20250606
1795,600382,20250604
1796,600382,20250605
1797,600386,20250606
1798,600390,20250606
1799,600392,20250604
1800,600395,20250606
1801,600397,20250605
1802,600398,20250603
1803,600399,20250606
1804,600400,20250604
1805,600406,20250605
1806,600410,20250605
1807,600415,20250606
1808,600419,20250606
1809,600420,20250605
1810,600420,20250606
1811,600421,20250605
1812,600421,20250606
1813,600426,20250604
1814,600426,20250605
1815,600429,20250605
1816,600435,20250605
1817,600438,20250605
1818,600438,20250606
1819,600439,20250605
1820,600446,20250606
1821,600448,20250604
1822,600456,20250606
1823,600460,20250606
1824,600463,20250605
1825,600468,20250604
1826,600475,20250604
1827,600479,20250606
1828,600480,20250604
1829,600482,20250606
1830,600488,20250606
1831,600491,20250604
1832,600497,20250604
1833,600513,20250605
1834,600513,20250606
1835,600516,20250606
1836,600519,20250605
1837,600521,20250605
1838,600522,20250604
1839,600527,20250604
1840,600529,20250605
1841,600536,20250605
1842,600543,20250606
1843,600545,20250604
1844,600545,20250606
1845,600547,20250606
1846,600552,20250605
1847,600558,20250606
1848,600559,20250604
1849,600560,20250606
1850,600566,20250605
1851,600569,20250604
1852,600570,20250604
1853,600570,20250605
1854,600573,20250606
1855,600581,20250604
1856,600586,20250604
1857,600587,20250603
1858,600587,20250604
1859,600587,20250606
1860,600588,20250605
1861,600589,20250605
1862,600596,20250604
1863,600597,20250603
1864,600598,20250604
1865,600599,20250605
1866,600603,20250604
1867,600603,20250606
1868,600610,20250606
1869,600612,20250604
1870,600620,20250604
1871,600620,20250605
1872,600622,20250604
1873,600622,20250606
1874,600624,20250605
1875,600626,20250604
1876,600628,20250606
1877,600629,20250604
1878,600635,20250604
1879,600635,20250606
1880,600642,20250605
1881,600644,20250606
1882,600648,20250606
1883,600650,20250605
1884,600653,20250606
1885,600654,20250604
1886,600660,20250604
1887,600662,20250604
1888,600664,20250605
1889,600666,20250605
1890,600667,20250604
1891,600668,20250605
1892,600671,20250606
1893,600676,20250606
1894,600685,20250604
1895,600686,20250606
1896,600690,20250604
1897,600696,20250606
1898,600697,20250604
1899,600698,20250605
1900,600699,20250605
1901,600703,20250605
1902,600706,20250604
1903,600707,20250605
1904,600710,20250604
1905,600713,20250604
1906,600713,20250606
1907,600715,20250604
1908,600718,20250604
1909,600719,20250606
1910,600720,20250606
1911,600729,20250604
1912,600732,20250604
1913,600732,20250605
1914,600733,20250603
1915,600738,20250604
1916,600741,20250603
1917,600742,20250604
1918,600742,20250605
1919,600742,20250606
1920,600745,20250606
1921,600753,20250605
1922,600754,20250605
1923,600755,20250606
1924,600756,20250605
1925,600757,20250606
1926,600759,20250604
1927,600763,20250606
1928,600765,20250606
1929,600768,20250604
1930,600771,20250604
1931,600773,20250604
1932,600778,20250606
1933,600783,20250604
1934,600792,20250606
1935,600800,20250604
1936,600801,20250604
1937,600801,20250606
1938,600808,20250605
1939,600810,20250604
1940,600812,20250604
1941,600812,20250606
1942,600817,20250605
1943,600818,20250606
1944,600819,20250606
1945,600821,20250605
1946,600821,20250606
1947,600825,20250604
1948,600827,20250606
1949,600829,20250605
1950,600833,20250606
1951,600835,20250605
1952,600839,20250603
1953,600839,20250604
1954,600839,20250606
1955,600843,20250606
1956,600846,20250605
1957,600848,20250606
1958,600850,20250606
1959,600853,20250605
1960,600854,20250604
1961,600859,20250606
1962,600862,20250604
1963,600868,20250604
1964,600869,20250604
1965,600871,20250605
1966,600873,20250604
1967,600875,20250604
1968,600877,20250606
1969,600884,20250604
1970,600885,20250605
1971,600888,20250603
1972,600888,20250604
1973,600888,20250606
1974,600894,20250604
1975,600901,20250606
1976,600903,20250604
1977,600903,20250605
1978,600905,20250606
1979,600906,20250606
1980,600909,20250605
1981,600916,20250604
1982,600918,20250605
1983,600918,20250606
1984,600925,20250605
1985,600926,20250604
1986,600926,20250605
1987,600926,20250606
1988,600927,20250605
1989,600933,20250604
1990,600933,20250606
1991,600938,20250606
1992,600939,20250604
1993,600939,20250605
1994,600941,20250606
1995,600956,20250606
1996,600958,20250604
1997,600958,20250605
1998,600959,20250605
1999,600959,20250606
2000,600962,20250605
2001,600965,20250605
2002,600968,20250604
2003,600970,20250605
2004,600980,20250606
2005,600982,20250604
2006,600982,20250606
2007,600983,20250604
2008,600985,20250604
2009,600985,20250606
2010,600986,20250604
2011,600988,20250605
2012,600989,20250605
2013,600997,20250606
2014,600998,20250606
2015,600999,20250604
2016,600999,20250605
2017,600999,20250606
2018,601010,20250604
2019,601010,20250605
2020,601012,20250606
2021,601016,20250604
2022,601016,20250606
2023,601018,20250606
2024,601021,20250604
2025,601058,20250603
2026,601061,20250605
2027,601065,20250603
2028,601065,20250606
2029,601066,20250605
2030,601077,20250604
2031,601086,20250605
2032,601089,20250606
2033,601099,20250606
2034,601107,20250606
2035,601111,20250604
2036,601111,20250605
2037,601116,20250604
2038,601117,20250605
2039,601127,20250604
2040,601133,20250604
2041,601136,20250605
2042,601137,20250604
2043,601138,20250604
2044,601139,20250605
2045,601155,20250604
2046,601162,20250603
2047,601166,20250606
2048,601187,20250604
2049,601198,20250604
2050,601208,20250604
2051,601208,20250606
2052,601211,20250605
2053,601212,20250604
2054,601216,20250604
2055,601222,20250603
2056,601222,20250605
2057,601225,20250606
2058,601226,20250604
2059,601228,20250604
2060,601229,20250606
2061,601231,20250604
2062,601231,20250606
2063,601238,20250606
2064,601288,20250604
2065,601298,20250606
2066,601318,20250604
2067,601319,20250604
2068,601319,20250606
2069,601326,20250604
2070,601328,20250604
2071,601328,20250606
2072,601330,20250605
2073,601330,20250606
2074,601336,20250604
2075,601366,20250604
2076,601375,20250606
2077,601377,20250603
2078,601390,20250606
2079,601398,20250604
2080,601456,20250606
2081,601515,20250604
2082,601519,20250604
2083,601555,20250604
2084,601567,20250604
2085,601588,20250604
2086,601588,20250606
2087,601595,20250606
2088,601598,20250603
2089,601598,20250605
2090,601598,20250606
2091,601600,20250606
2092,601601,20250604
2093,601601,20250605
2094,601606,20250605
2095,601609,20250604
2096,601609,20250605
2097,601611,20250606
2098,601619,20250603
2099,601619,20250604
2100,601633,20250603
2101,601633,20250604
2102,601636,20250604
2103,601665,20250606
2104,601666,20250604
2105,601666,20250606
2106,601668,20250605
2107,601669,20250605
2108,601669,20250606
2109,601678,20250603
2110,601678,20250604
2111,601686,20250604
2112,601686,20250606
2113,601688,20250606
2114,601689,20250604
2115,601689,20250605
2116,601696,20250604
2117,601700,20250604
2118,601717,20250605
2119,601717,20250606
2120,601718,20250605
2121,601727,20250604
2122,601727,20250605
2123,601727,20250606
2124,601728,20250604
2125,601766,20250604
2126,601777,20250605
2127,601777,20250606
2128,601788,20250604
2129,601800,20250603
2130,601808,20250604
2131,601811,20250604
2132,601816,20250603
2133,601816,20250606
2134,601818,20250605
2135,601827,20250604
2136,601827,20250605
2137,601828,20250606
2138,601838,20250605
2139,601857,20250606
2140,601865,20250604
2141,601866,20250603
2142,601866,20250604
2143,601866,20250605
2144,601866,20250606
2145,601868,20250606
2146,601869,20250604
2147,601877,20250605
2148,601877,20250606
2149,601878,20250605
2150,601880,20250605
2151,601881,20250604
2152,601881,20250605
2153,601888,20250605
2154,601898,20250606
2155,601899,20250604
2156,601899,20250605
2157,601908,20250606
2158,601918,20250604
2159,601918,20250606
2160,601919,20250604
2161,601939,20250606
2162,601949,20250604
2163,601952,20250605
2164,601958,20250604
2165,601958,20250605
2166,601963,20250604
2167,601968,20250605
2168,601968,20250606
2169,601969,20250604
2170,601985,20250604
2171,601988,20250604
2172,601988,20250606
2173,601992,20250606
2174,601995,20250604
2175,601998,20250604
2176,601999,20250606
2177,603000,20250606
2178,603002,20250606
2179,603004,20250604
2180,603005,20250606
2181,603007,20250604
2182,603007,20250606
2183,603012,20250606
2184,603013,20250605
2185,603015,20250604
2186,603016,20250606
2187,603017,20250604
2188,603017,20250605
2189,603018,20250604
2190,603025,20250605
2191,603031,20250606
2192,603035,20250604
2193,603037,20250606
2194,603040,20250604
2195,603041,20250603
2196,603042,20250606
2197,603043,20250605
2198,603045,20250605
2199,603045,20250606
2200,603051,20250604
2201,603055,20250605
2202,603056,20250604
2203,603056,20250605
2204,603057,20250606
2205,603060,20250606
2206,603063,20250604
2207,603065,20250605
2208,603073,20250606
2209,603076,20250605
2210,603080,20250605
2211,603081,20250605
2212,603085,20250604
2213,603085,20250605
2214,603087,20250605
2215,603088,20250604
2216,603088,20250606
2217,603089,20250605
2218,603093,20250604
2219,603093,20250605
2220,603093,20250606
2221,603098,20250605
2222,603102,20250604
2223,603108,20250604
2224,603109,20250604
2225,603109,20250605
2226,603110,20250603
2227,603111,20250604
2228,603112,20250604
2229,603112,20250605
2230,603112,20250606
2231,603113,20250604
2232,603116,20250605
2233,603121,20250605
2234,603122,20250605
2235,603123,20250604
2236,603123,20250606
2237,603124,20250604
2238,603124,20250606
2239,603127,20250605
2240,603128,20250606
2241,603129,20250604
2242,603130,20250604
2243,603131,20250604
2244,603132,20250605
2245,603136,20250605
2246,603138,20250604
2247,603139,20250605
2248,603150,20250604
2249,603151,20250603
2250,603151,20250605
2251,603151,20250606
2252,603158,20250604
2253,603159,20250605
2254,603160,20250604
2255,603162,20250603
2256,603162,20250604
2257,603162,20250605
2258,603163,20250604
2259,603163,20250606
2260,603165,20250604
2261,603168,20250606
2262,603176,20250606
2263,603177,20250604
2264,603179,20250606
2265,603181,20250605
2266,603186,20250606
2267,603189,20250603
2268,603189,20250606
2269,603190,20250604
2270,603190,20250606
2271,603191,20250605
2272,603194,20250606
2273,603195,20250604
2274,603196,20250604
2275,603197,20250604
2276,603197,20250605
2277,603199,20250606
2278,603200,20250606
2279,603201,20250604
2280,603207,20250604
2281,603208,20250605
2282,603209,20250604
2283,603213,20250605
2284,603219,20250604
2285,603220,20250605
2286,603222,20250603
2287,603225,20250605
2288,603226,20250604
2289,603226,20250605
2290,603226,20250606
2291,603228,20250604
2292,603229,20250604
2293,603233,20250605
2294,603237,20250604
2295,603257,20250606
2296,603259,20250604
2297,603259,20250605
2298,603259,20250606
2299,603260,20250606
2300,603261,20250604
2301,603268,20250604
2302,603269,20250605
2303,603272,20250604
2304,603272,20250606
2305,603279,20250604
2306,603281,20250604
2307,603281,20250605
2308,603283,20250606
2309,603286,20250605
2310,603288,20250605
2311,603289,20250605
2312,603291,20250604
2313,603298,20250605
2314,603299,20250604
2315,603299,20250605
2316,603300,20250605
2317,603301,20250603
2318,603301,20250605
2319,603305,20250604
2320,603305,20250605
2321,603306,20250604
2322,603306,20250605
2323,603306,20250606
2324,603307,20250605
2325,603311,20250604
2326,603311,20250605
2327,603312,20250604
2328,603315,20250606
2329,603317,20250604
2330,603322,20250605
2331,603323,20250606
2332,603330,20250605
2333,603332,20250604
2334,603332,20250606
2335,603333,20250606
2336,603335,20250604
2337,603337,20250604
2338,603341,20250604
2339,603345,20250606
2340,603348,20250605
2341,603350,20250603
2342,603351,20250606
2343,603355,20250606
2344,603356,20250606
2345,603359,20250604
2346,603360,20250605
2347,603360,20250606
2348,603365,20250604
2349,603366,20250606
2350,603367,20250605
2351,603368,20250605
2352,603368,20250606
2353,603373,20250604
2354,603375,20250604
2355,603377,20250604
2356,603377,20250605
2357,603377,20250606
2358,603378,20250604
2359,603379,20250605
2360,603388,20250604
2361,603389,20250604
2362,603389,20250606
2363,603390,20250604
2364,603390,20250606
2365,603392,20250605
2366,603393,20250604
2367,603395,20250604
2368,603395,20250605
2369,603398,20250606
2370,603408,20250605
2371,603416,20250604
2372,603421,20250605
2373,603439,20250604
2374,603477,20250604
2375,603486,20250604
2376,603499,20250604
2377,603500,20250604
2378,603501,20250604
2379,603505,20250604
2380,603505,20250605
2381,603508,20250606
2382,603518,20250606
2383,603519,20250606
2384,603520,20250605
2385,603527,20250604
2386,603527,20250606
2387,603530,20250604
2388,603533,20250604
2389,603538,20250606
2390,603556,20250604
2391,603557,20250606
2392,603558,20250604
2393,603566,20250605
2394,603567,20250605
2395,603568,20250606
2396,603569,20250604
2397,603579,20250604
2398,603579,20250606
2399,603587,20250604
2400,603601,20250604
2401,603605,20250605
2402,603605,20250606
2403,603607,20250604
2404,603608,20250605
2405,603609,20250604
2406,603609,20250605
2407,603619,20250606
2408,603633,20250604
2409,603633,20250605
2410,603633,20250606
2411,603639,20250605
2412,603639,20250606
2413,603648,20250603
2414,603648,20250604
2415,603650,20250605
2416,603650,20250606
2417,603655,20250604
2418,603655,20250606
2419,603656,20250604
2420,603657,20250606
2421,603658,20250605
2422,603658,20250606
2423,603659,20250605
2424,603659,20250606
2425,603661,20250604
2426,603661,20250605
2427,603666,20250606
2428,603668,20250606
2429,603676,20250605
2430,603681,20250604
2431,603683,20250604
2432,603683,20250605
2433,603683,20250606
2434,603685,20250605
2435,603686,20250603
2436,603687,20250604
2437,603688,20250606
2438,603690,20250604
2439,603697,20250605
2440,603700,20250605
2441,603703,20250604
2442,603707,20250605
2443,603708,20250605
2444,603708,20250606
2445,603709,20250605
2446,603711,20250605
2447,603713,20250605
2448,603716,20250604
2449,603716,20250605
2450,603719,20250605
2451,603719,20250606
2452,603722,20250606
2453,603727,20250603
2454,603737,20250605
2455,603738,20250604
2456,603738,20250606
2457,603757,20250604
2458,603768,20250604
2459,603768,20250606
2460,603773,20250605
2461,603777,20250604
2462,603777,20250606
2463,603788,20250604
2464,603797,20250604
2465,603799,20250604
2466,603800,20250604
2467,603800,20250605
2468,603801,20250605
2469,603806,20250606
2470,603808,20250606
2471,603811,20250605
2472,603815,20250604
2473,603816,20250604
2474,603823,20250604
2475,603825,20250606
2476,603836,20250604
2477,603838,20250606
2478,603839,20250604
2479,603848,20250604
2480,603858,20250604
2481,603859,20250606
2482,603861,20250604
2483,603863,20250604
2484,603867,20250606
2485,603879,20250604
2486,603879,20250605
2487,603881,20250604
2488,603881,20250605
2489,603885,20250604
2490,603887,20250605
2491,603887,20250606
2492,603888,20250605
2493,603889,20250605
2494,603890,20250606
2495,603896,20250604
2496,603898,20250606
2497,603899,20250604
2498,603899,20250605
2499,603900,20250606
2500,603901,20250604
2501,603901,20250606
2502,603903,20250604
2503,603906,20250603
2504,603906,20250605
2505,603906,20250606
2506,603912,20250604
2507,603915,20250606
2508,603916,20250605
2509,603922,20250605
2510,603931,20250605
2511,603931,20250606
2512,603933,20250606
2513,603939,20250605
2514,603939,20250606
2515,603958,20250604
2516,603959,20250605
2517,603960,20250605
2518,603967,20250605
2519,603969,20250604
2520,603970,20250606
2521,603976,20250605
2522,603978,20250604
2523,603983,20250604
2524,603985,20250604
2525,603985,20250606
2526,603989,20250604
2527,603992,20250604
2528,603993,20250604
2529,603997,20250605
2530,603998,20250603
2531,603998,20250604
2532,603998,20250605
2533,603999,20250606
2534,605001,20250604
2535,605003,20250605
2536,605005,20250605
2537,605006,20250604
2538,605006,20250605
2539,605006,20250606
2540,605007,20250604
2541,605008,20250604
2542,605009,20250606
2543,605016,20250604
2544,605018,20250604
2545,605020,20250606
2546,605033,20250604
2547,605050,20250604
2548,605055,20250605
2549,605056,20250605
2550,605066,20250605
2551,605069,20250605
2552,605081,20250606
2553,605086,20250605
2554,605086,20250606
2555,605088,20250604
2556,605088,20250606
2557,605089,20250604
2558,605089,20250605
2559,605089,20250606
2560,605090,20250605
2561,605099,20250604
2562,605099,20250606
2563,605116,20250604
2564,605117,20250605
2565,605122,20250605
2566,605123,20250604
2567,605128,20250606
2568,605136,20250604
2569,605138,20250604
2570,605158,20250604
2571,605162,20250605
2572,605162,20250606
2573,605166,20250605
2574,605167,20250606
2575,605169,20250606
2576,605177,20250604
2577,605178,20250606
2578,605180,20250604
2579,605186,20250605
2580,605188,20250605
2581,605189,20250604
2582,605196,20250604
2583,605196,20250605
2584,605198,20250604
2585,605218,20250604
2586,605255,20250604
2587,605258,20250606
2588,605287,20250604
2589,605296,20250604
2590,605299,20250604
2591,605300,20250604
2592,605300,20250605
2593,605303,20250603
2594,605305,20250604
2595,605333,20250604
2596,605333,20250606
2597,605336,20250605
2598,605337,20250604
2599,605339,20250606
2600,605358,20250605
2601,605388,20250606
2602,605398,20250604
2603,605399,20250606
2604,605488,20250605
2605,605500,20250604
2606,605507,20250604
2607,605507,20250606
2608,605567,20250606
2609,605589,20250605
2610,605599,20250605
2611,688001,20250605
2612,688004,20250605
2613,688013,20250604
2614,688013,20250606
2615,688016,20250604
2616,688019,20250606
2617,688022,20250605
2618,688025,20250604
2619,688028,20250604
2620,688029,20250604
2621,688030,20250605
2622,688030,20250606
2623,688032,20250604
2624,688035,20250604
2625,688035,20250606
2626,688046,20250604
2627,688046,20250606
2628,688049,20250604
2629,688050,20250604
2630,688056,20250605
2631,688060,20250604
2632,688061,20250605
2633,688062,20250605
2634,688063,20250606
2635,688065,20250605
2636,688066,20250604
2637,688068,20250605
2638,688068,20250606
2639,688069,20250605
2640,688070,20250604
2641,688070,20250606
2642,688071,20250605
2643,688073,20250603
2644,688073,20250605
2645,688076,20250605
2646,688080,20250604
2647,688081,20250605
2648,688082,20250604
2649,688083,20250603
2650,688087,20250604
2651,688089,20250604
2652,688092,20250605
2653,688092,20250606
2654,688095,20250604
2655,688099,20250604
2656,688100,20250604
2657,688102,20250604
2658,688103,20250604
2659,688103,20250605
2660,688106,20250605
2661,688111,20250605
2662,688113,20250604
2663,688113,20250605
2664,688114,20250604
2665,688116,20250604
2666,688122,20250605
2667,688123,20250604
2668,688126,20250605
2669,688126,20250606
2670,688127,20250604
2671,688127,20250605
2672,688132,20250604
2673,688136,20250604
2674,688136,20250605
2675,688136,20250606
2676,688137,20250604
2677,688139,20250604
2678,688143,20250604
2679,688150,20250603
2680,688151,20250604
2681,688151,20250605
2682,688152,20250604
2683,688152,20250605
2684,688152,20250606
2685,688153,20250605
2686,688156,20250606
2687,688157,20250604
2688,688160,20250604
2689,688161,20250606
2690,688165,20250605
2691,688167,20250604
2692,688167,20250605
2693,688169,20250604
2694,688170,20250604
2695,688172,20250604
2696,688175,20250603
2697,688180,20250605
2698,688180,20250606
2699,688181,20250604
2700,688183,20250605
2701,688185,20250605
2702,688186,20250604
2703,688186,20250605
2704,688187,20250603
2705,688187,20250604
2706,688187,20250606
2707,688189,20250605
2708,688191,20250606
2709,688202,20250604
2710,688203,20250605
2711,688206,20250604
2712,688207,20250604
2713,688207,20250606
2714,688208,20250604
2715,688209,20250604
2716,688210,20250604
2717,688211,20250605
2718,688212,20250604
2719,688215,20250604
2720,688218,20250606
2721,688219,20250604
2722,688231,20250605
2723,688232,20250604
2724,688235,20250603
2725,688235,20250605
2726,688235,20250606
2727,688236,20250605
2728,688237,20250606
2729,688244,20250605
2730,688246,20250606
2731,688248,20250606
2732,688251,20250604
2733,688251,20250605
2734,688253,20250604
2735,688255,20250605
2736,688256,20250605
2737,688258,20250605
2738,688260,20250604
2739,688266,20250603
2740,688266,20250606
2741,688268,20250604
2742,688270,20250604
2743,688273,20250604
2744,688276,20250605
2745,688280,20250606
2746,688282,20250604
2747,688283,20250604
2748,688283,20250606
2749,688285,20250604
2750,688289,20250605
2751,688290,20250604
2752,688291,20250603
2753,688293,20250606
2754,688296,20250604
2755,688299,20250604
2756,688303,20250604
2757,688308,20250605
2758,688308,20250606
2759,688312,20250606
2760,688315,20250604
2761,688317,20250604
2762,688322,20250605
2763,688328,20250605
2764,688329,20250604
2765,688336,20250606
2766,688337,20250605
2767,688338,20250605
2768,688338,20250606
2769,688339,20250605
2770,688343,20250604
2771,688343,20250606
2772,688347,20250606
2773,688350,20250604
2774,688353,20250605
2775,688359,20250606
2776,688360,20250605
2777,688362,20250605
2778,688366,20250604
2779,688371,20250604
2780,688372,20250606
2781,688373,20250606
2782,688375,20250605
2783,688378,20250604
2784,688381,20250605
2785,688383,20250605
2786,688390,20250604
2787,688392,20250606
2788,688393,20250605
2789,688396,20250606
2790,688400,20250604
2791,688401,20250604
2792,688408,20250604
2793,688416,20250604
2794,688419,20250604
2795,688428,20250605
2796,688429,20250604
2797,688439,20250605
2798,688443,20250604
2799,688443,20250605
2800,688449,20250605
2801,688449,20250606
2802,688450,20250604
2803,688450,20250606
2804,688455,20250604
2805,688458,20250605
2806,688468,20250606
2807,688472,20250604
2808,688478,20250603
2809,688478,20250605
2810,688479,20250604
2811,688496,20250604
2812,688498,20250606
2813,688499,20250604
2814,688500,20250605
2815,688501,20250606
2816,688502,20250604
2817,688503,20250606
2818,688507,20250605
2819,688509,20250605
2820,688511,20250605
2821,688512,20250604
2822,688513,20250605
2823,688513,20250606
2824,688515,20250604
2825,688516,20250604
2826,688517,20250604
2827,688519,20250605
2828,688520,20250606
2829,688521,20250604
2830,688530,20250605
2831,688531,20250606
2832,688535,20250604
2833,688536,20250605
2834,688543,20250604
2835,688545,20250606
2836,688550,20250604
2837,688551,20250604
2838,688552,20250606
2839,688553,20250605
2840,688557,20250606
2841,688561,20250605
2842,688563,20250604
2843,688566,20250606
2844,688571,20250605
2845,688576,20250605
2846,688585,20250606
2847,688588,20250604
2848,688590,20250604
2849,688591,20250604
2850,688593,20250603
2851,688593,20250605
2852,688599,20250604
2853,688600,20250605
2854,688600,20250606
2855,688601,20250604
2856,688602,20250605
2857,688605,20250605
2858,688606,20250605
2859,688609,20250605
2860,688612,20250604
2861,688616,20250605
2862,688617,20250604
2863,688618,20250606
2864,688620,20250604
2865,688621,20250605
2866,688622,20250605
2867,688625,20250603
2868,688626,20250604
2869,688627,20250605
2870,688628,20250605
2871,688638,20250605
2872,688646,20250604
2873,688646,20250605
2874,688653,20250604
2875,688653,20250605
2876,688655,20250604
2877,688657,20250604
2878,688661,20250605
2879,688663,20250605
2880,688670,20250606
2881,688671,20250605
2882,688676,20250604
2883,688677,20250604
2884,688681,20250604
2885,688681,20250605
2886,688687,20250605
2887,688689,20250604
2888,688692,20250605
2889,688693,20250604
2890,688693,20250606
2891,688696,20250604
2892,688698,20250605
2893,688701,20250606
2894,688708,20250604
2895,688711,20250604
2896,688716,20250606
2897,688719,20250604
2898,688719,20250605
2899,688719,20250606
2900,688720,20250604
2901,688722,20250604
2902,688728,20250606
2903,688737,20250604
2904,688739,20250604
2905,688767,20250605
2906,688768,20250603
2907,688772,20250604
2908,688788,20250604
2909,688793,20250604
2910,688800,20250604
2911,688819,20250606
2912,688981,20250605
2913,688981,20250606
2914,830809,20250603
2915,830809,20250606
2916,830896,20250605
2917,830974,20250605
2918,831039,20250604
2919,831039,20250606
2920,831087,20250605
2921,831152,20250603
2922,831167,20250604
2923,831175,20250603
2924,831175,20250605
2925,831278,20250604
2926,831278,20250605
2927,831304,20250606
2928,831526,20250603
2929,831526,20250606
2930,831641,20250606
2931,831726,20250603
2932,831832,20250606
2933,831856,20250605
2934,832171,20250603
2935,832278,20250604
2936,832876,20250606
2937,833030,20250604
2938,833030,20250605
2939,833171,20250603
2940,833266,20250604
2941,833284,20250603
2942,833346,20250606
2943,833509,20250606
2944,833533,20250603
2945,833533,20250604
2946,833533,20250606
2947,833575,20250605
2948,833580,20250603
2949,833873,20250604
2950,833914,20250603
2951,833914,20250605
2952,834014,20250603
2953,834062,20250604
2954,834407,20250603
2955,834415,20250603
2956,834475,20250604
2957,834599,20250603
2958,834599,20250605
2959,834765,20250604
2960,835179,20250606
2961,835184,20250604
2962,835185,20250606
2963,835368,20250604
2964,835368,20250606
2965,835640,20250606
2966,835892,20250605
2967,835985,20250605
2968,836208,20250604
2969,836221,20250604
2970,836239,20250603
2971,836239,20250605
2972,836260,20250604
2973,836270,20250605
2974,836419,20250603
2975,836504,20250604
2976,836807,20250604
2977,836826,20250603
2978,836942,20250603
2979,837344,20250604
2980,837403,20250606
2981,837592,20250606
2982,837663,20250606
2983,837748,20250604
2984,838163,20250605
2985,838171,20250606
2986,838227,20250604
2987,838701,20250604
2988,838837,20250605
2989,839493,20250603
2990,839790,20250604
2991,839946,20250604
2992,870656,20250605
2993,870976,20250604
2994,870976,20250606
2995,871642,20250603
2996,871694,20250605
2997,871753,20250606
2998,872374,20250604
2999,872895,20250603
3000,872925,20250606
3001,873001,20250606
3002,873169,20250603
3003,873693,20250605
3004,873706,20250604
3005,873726,20250605
3006,900939,20250605
3007,900957,20250604
3008,900957,20250605
3009,900957,20250606
3010,920008,20250604
3011,920008,20250606
3012,920016,20250604
3013,920060,20250606
3014,920066,20250606
3015,920098,20250605
3016,920167,20250603
